-- MariaDB dump 10.19  Distrib 10.4.28-MariaDB, for osx10.10 (x86_64)
--
-- Host: 127.0.0.1    Database: registro_facciale
-- ------------------------------------------------------
-- Server version	10.4.28-MariaDB

/*!40101 SET @OLD_CHARACTER_SET_CLIENT=@@CHARACTER_SET_CLIENT */;
/*!40101 SET @OLD_CHARACTER_SET_RESULTS=@@CHARACTER_SET_RESULTS */;
/*!40101 SET @OLD_COLLATION_CONNECTION=@@COLLATION_CONNECTION */;
/*!40101 SET NAMES utf8mb4 */;
/*!40103 SET @OLD_TIME_ZONE=@@TIME_ZONE */;
/*!40103 SET TIME_ZONE='+00:00' */;
/*!40014 SET @OLD_UNIQUE_CHECKS=@@UNIQUE_CHECKS, UNIQUE_CHECKS=0 */;
/*!40014 SET @OLD_FOREIGN_KEY_CHECKS=@@FOREIGN_KEY_CHECKS, FOREIGN_KEY_CHECKS=0 */;
/*!40101 SET @OLD_SQL_MODE=@@SQL_MODE, SQL_MODE='NO_AUTO_VALUE_ON_ZERO' */;
/*!40111 SET @OLD_SQL_NOTES=@@SQL_NOTES, SQL_NOTES=0 */;

--
-- Table structure for table `classi`
--

DROP TABLE IF EXISTS `classi`;
/*!40101 SET @saved_cs_client     = @@character_set_client */;
/*!40101 SET character_set_client = utf8 */;
CREATE TABLE `classi` (
  `id` int(11) NOT NULL AUTO_INCREMENT,
  `nome` varchar(50) NOT NULL,
  `anno_scolastico` varchar(20) DEFAULT NULL,
  PRIMARY KEY (`id`)
) ENGINE=InnoDB AUTO_INCREMENT=4 DEFAULT CHARSET=utf8mb4 COLLATE=utf8mb4_general_ci;
/*!40101 SET character_set_client = @saved_cs_client */;

--
-- Dumping data for table `classi`
--

LOCK TABLES `classi` WRITE;
/*!40000 ALTER TABLE `classi` DISABLE KEYS */;
INSERT INTO `classi` VALUES (1,'5^C','2025/2026'),(2,'4^A','2025/2026'),(3,'3^B','2025/2026');
/*!40000 ALTER TABLE `classi` ENABLE KEYS */;
UNLOCK TABLES;

--
-- Table structure for table `log_riconoscimenti`
--

DROP TABLE IF EXISTS `log_riconoscimenti`;
/*!40101 SET @saved_cs_client     = @@character_set_client */;
/*!40101 SET character_set_client = utf8 */;
CREATE TABLE `log_riconoscimenti` (
  `id` int(11) NOT NULL AUTO_INCREMENT,
  `utente_id` int(11) DEFAULT NULL,
  `timestamp` timestamp NOT NULL DEFAULT current_timestamp(),
  `confidenza` float DEFAULT NULL,
  `esito` enum('riconosciuto','sconosciuto') DEFAULT NULL,
  PRIMARY KEY (`id`),
  KEY `utente_id` (`utente_id`),
  CONSTRAINT `log_riconoscimenti_ibfk_1` FOREIGN KEY (`utente_id`) REFERENCES `utenti` (`id`)
) ENGINE=InnoDB AUTO_INCREMENT=80 DEFAULT CHARSET=utf8mb4 COLLATE=utf8mb4_general_ci;
/*!40101 SET character_set_client = @saved_cs_client */;

--
-- Dumping data for table `log_riconoscimenti`
--

LOCK TABLES `log_riconoscimenti` WRITE;
/*!40000 ALTER TABLE `log_riconoscimenti` DISABLE KEYS */;
INSERT INTO `log_riconoscimenti` VALUES (1,1,'2026-04-21 07:00:00',0.9,'riconosciuto'),(2,1,'2026-04-21 07:00:00',0.9,'riconosciuto'),(3,1,'2026-04-21 07:00:00',0.9,'riconosciuto'),(4,1,'2026-04-21 07:00:00',0.9,'riconosciuto'),(5,1,'2026-04-21 07:00:00',0.9,'riconosciuto'),(6,1,'2026-04-21 13:26:07',0.541,'riconosciuto'),(7,2,'2026-04-21 13:26:17',0.513,'riconosciuto'),(8,1,'2026-04-21 13:29:33',0.541,'riconosciuto'),(9,1,'2026-04-21 13:34:31',0.604,'riconosciuto'),(10,2,'2026-04-21 13:34:57',0.633,'riconosciuto'),(11,1,'2026-04-21 13:35:09',0.541,'riconosciuto'),(12,1,'2026-04-21 13:39:39',0.536,'riconosciuto'),(13,1,'2026-04-21 13:46:54',0.527,'riconosciuto'),(14,1,'2026-04-21 13:48:38',0.6,'riconosciuto'),(15,1,'2026-04-21 14:06:47',0.555,'riconosciuto'),(16,1,'2026-04-21 14:12:02',0.512,'riconosciuto'),(17,5,'2026-04-21 14:12:54',0.511,'riconosciuto'),(18,5,'2026-04-21 14:13:42',0.508,'riconosciuto'),(19,5,'2026-04-21 14:14:12',0.749,'riconosciuto'),(22,1,'2026-04-21 14:24:13',0.503,'riconosciuto'),(23,1,'2026-05-17 15:35:51',0.541,'riconosciuto'),(24,2,'2026-05-17 15:35:59',0.655,'riconosciuto'),(26,5,'2026-05-17 15:38:47',0.513,'riconosciuto'),(27,1,'2026-05-17 15:39:00',0.52,'riconosciuto'),(28,1,'2026-05-17 15:47:38',0.513,'riconosciuto'),(29,2,'2026-05-17 15:52:41',0.631,'riconosciuto'),(30,1,'2026-05-17 15:30:00',0.9,'riconosciuto'),(31,1,'2026-05-17 15:30:00',0.9,'riconosciuto'),(32,1,'2026-05-17 15:55:11',0.513,'riconosciuto'),(33,2,'2026-05-17 15:57:34',0.626,'riconosciuto'),(34,2,'2026-05-17 15:58:36',0.673,'riconosciuto'),(35,1,'2026-05-17 15:58:51',0.536,'riconosciuto'),(36,1,'2026-05-17 15:59:31',0.58,'riconosciuto'),(37,2,'2026-05-17 16:04:19',0.667,'riconosciuto'),(38,2,'2026-05-17 16:05:00',0.643,'riconosciuto'),(44,1,'2026-05-18 07:44:23',0.9,'riconosciuto'),(45,2,'2026-05-18 13:29:42',0.502,'riconosciuto'),(46,1,'2026-05-18 13:29:56',0.541,'riconosciuto'),(47,2,'2026-05-18 13:30:15',0.545,'riconosciuto'),(48,1,'2026-05-18 13:30:56',0.529,'riconosciuto'),(49,1,'2026-05-18 13:32:17',0.552,'riconosciuto'),(50,2,'2026-05-18 13:32:38',0.551,'riconosciuto'),(51,2,'2026-05-18 13:33:41',0.54,'riconosciuto'),(52,2,'2026-05-18 13:44:05',0.53,'riconosciuto'),(53,2,'2026-05-18 13:45:11',0.506,'riconosciuto'),(54,2,'2026-05-18 13:52:04',0.633,'riconosciuto'),(55,2,'2026-05-18 13:58:50',0.502,'riconosciuto'),(56,12,'2026-05-18 14:02:15',0.617,'riconosciuto'),(57,13,'2026-05-18 14:02:29',0.63,'riconosciuto'),(58,9,'2026-05-18 14:02:35',0.618,'riconosciuto'),(59,9,'2026-05-18 14:06:35',0.633,'riconosciuto'),(60,13,'2026-05-18 14:06:39',0.608,'riconosciuto'),(61,12,'2026-05-18 14:06:42',0.503,'riconosciuto'),(62,2,'2026-05-18 20:37:51',0.505,'riconosciuto'),(63,12,'2026-05-18 20:38:07',0.656,'riconosciuto'),(64,13,'2026-05-18 20:38:09',0.647,'riconosciuto'),(65,9,'2026-05-18 20:38:11',0.592,'riconosciuto'),(66,9,'2026-05-18 20:39:33',0.628,'riconosciuto'),(67,13,'2026-05-18 20:39:43',0.568,'riconosciuto'),(68,12,'2026-05-18 20:39:50',0.677,'riconosciuto'),(69,9,'2026-05-18 20:45:28',0.764,'riconosciuto'),(70,13,'2026-05-18 20:45:30',0.769,'riconosciuto'),(71,12,'2026-05-18 20:45:31',0.609,'riconosciuto'),(72,12,'2026-05-18 20:50:48',0.639,'riconosciuto'),(73,13,'2026-05-18 20:50:50',0.583,'riconosciuto'),(74,9,'2026-05-18 20:50:52',0.736,'riconosciuto'),(75,9,'2026-05-18 20:56:27',0.568,'riconosciuto'),(76,11,'2026-05-18 21:02:22',0.706,'riconosciuto'),(77,11,'2026-05-18 21:03:30',0.68,'riconosciuto'),(78,9,'2026-05-18 21:03:38',0.78,'riconosciuto'),(79,10,'2026-05-18 21:03:45',0.763,'riconosciuto');
/*!40000 ALTER TABLE `log_riconoscimenti` ENABLE KEYS */;
UNLOCK TABLES;

--
-- Table structure for table `materie`
--

DROP TABLE IF EXISTS `materie`;
/*!40101 SET @saved_cs_client     = @@character_set_client */;
/*!40101 SET character_set_client = utf8 */;
CREATE TABLE `materie` (
  `id` int(11) NOT NULL AUTO_INCREMENT,
  `nome` varchar(100) NOT NULL,
  `colore` varchar(7) DEFAULT NULL,
  PRIMARY KEY (`id`)
) ENGINE=InnoDB DEFAULT CHARSET=utf8mb4 COLLATE=utf8mb4_general_ci;
/*!40101 SET character_set_client = @saved_cs_client */;

--
-- Dumping data for table `materie`
--

LOCK TABLES `materie` WRITE;
/*!40000 ALTER TABLE `materie` DISABLE KEYS */;
/*!40000 ALTER TABLE `materie` ENABLE KEYS */;
UNLOCK TABLES;

--
-- Table structure for table `orario`
--

DROP TABLE IF EXISTS `orario`;
/*!40101 SET @saved_cs_client     = @@character_set_client */;
/*!40101 SET character_set_client = utf8 */;
CREATE TABLE `orario` (
  `id` int(11) NOT NULL AUTO_INCREMENT,
  `classe_id` int(11) NOT NULL,
  `materia_id` int(11) NOT NULL,
  `professore_id` int(11) NOT NULL,
  `giorno` enum('lunedi','martedi','mercoledi','giovedi','venerdi') DEFAULT NULL,
  `ora_inizio` time DEFAULT NULL,
  `ora_fine` time DEFAULT NULL,
  PRIMARY KEY (`id`),
  KEY `classe_id` (`classe_id`),
  KEY `materia_id` (`materia_id`),
  KEY `professore_id` (`professore_id`),
  CONSTRAINT `orario_ibfk_1` FOREIGN KEY (`classe_id`) REFERENCES `classi` (`id`),
  CONSTRAINT `orario_ibfk_2` FOREIGN KEY (`materia_id`) REFERENCES `materie` (`id`),
  CONSTRAINT `orario_ibfk_3` FOREIGN KEY (`professore_id`) REFERENCES `utenti` (`id`)
) ENGINE=InnoDB DEFAULT CHARSET=utf8mb4 COLLATE=utf8mb4_general_ci;
/*!40101 SET character_set_client = @saved_cs_client */;

--
-- Dumping data for table `orario`
--

LOCK TABLES `orario` WRITE;
/*!40000 ALTER TABLE `orario` DISABLE KEYS */;
/*!40000 ALTER TABLE `orario` ENABLE KEYS */;
UNLOCK TABLES;

--
-- Table structure for table `password_reset_tokens`
--

DROP TABLE IF EXISTS `password_reset_tokens`;
/*!40101 SET @saved_cs_client     = @@character_set_client */;
/*!40101 SET character_set_client = utf8 */;
CREATE TABLE `password_reset_tokens` (
  `id` int(11) NOT NULL AUTO_INCREMENT,
  `utente_id` int(11) NOT NULL,
  `token` varchar(64) NOT NULL,
  `scadenza` datetime NOT NULL,
  `usato` tinyint(1) DEFAULT 0,
  `created_at` timestamp NOT NULL DEFAULT current_timestamp(),
  PRIMARY KEY (`id`),
  UNIQUE KEY `token` (`token`),
  KEY `utente_id` (`utente_id`),
  CONSTRAINT `password_reset_tokens_ibfk_1` FOREIGN KEY (`utente_id`) REFERENCES `utenti` (`id`)
) ENGINE=InnoDB AUTO_INCREMENT=5 DEFAULT CHARSET=utf8mb4 COLLATE=utf8mb4_general_ci;
/*!40101 SET character_set_client = @saved_cs_client */;

--
-- Dumping data for table `password_reset_tokens`
--

LOCK TABLES `password_reset_tokens` WRITE;
/*!40000 ALTER TABLE `password_reset_tokens` DISABLE KEYS */;
INSERT INTO `password_reset_tokens` VALUES (2,2,'373d7d8860784fdbb81f83aa3bcb1e55fccf068abeccd8d64dd49813c6b481fa','2026-05-18 10:35:56',0,'2026-05-18 08:05:56'),(4,1,'5ad495bbf36f4daab8a212ac56d70e89ec650d4fae9bbf3c892909de2e175569','2026-05-18 15:43:20',1,'2026-05-18 13:13:20');
/*!40000 ALTER TABLE `password_reset_tokens` ENABLE KEYS */;
UNLOCK TABLES;

--
-- Table structure for table `presenze`
--

DROP TABLE IF EXISTS `presenze`;
/*!40101 SET @saved_cs_client     = @@character_set_client */;
/*!40101 SET character_set_client = utf8 */;
CREATE TABLE `presenze` (
  `id` int(11) NOT NULL AUTO_INCREMENT,
  `studente_id` int(11) NOT NULL,
  `orario_id` int(11) DEFAULT NULL,
  `data` date NOT NULL,
  `ora_entrata` time DEFAULT NULL,
  `ora_uscita` time DEFAULT NULL,
  `stato` enum('presente','assente','ritardo','uscita_anticipata') DEFAULT NULL,
  `rilevato_da` enum('facciale','manuale') DEFAULT 'facciale',
  `note` text DEFAULT NULL,
  PRIMARY KEY (`id`),
  KEY `studente_id` (`studente_id`),
  KEY `orario_id` (`orario_id`),
  CONSTRAINT `presenze_ibfk_1` FOREIGN KEY (`studente_id`) REFERENCES `utenti` (`id`),
  CONSTRAINT `presenze_ibfk_2` FOREIGN KEY (`orario_id`) REFERENCES `orario` (`id`)
) ENGINE=InnoDB AUTO_INCREMENT=1779 DEFAULT CHARSET=utf8mb4 COLLATE=utf8mb4_general_ci;
/*!40101 SET character_set_client = @saved_cs_client */;

--
-- Dumping data for table `presenze`
--

LOCK TABLES `presenze` WRITE;
/*!40000 ALTER TABLE `presenze` DISABLE KEYS */;
INSERT INTO `presenze` VALUES (14,1,NULL,'2025-09-15',NULL,NULL,'assente','facciale',NULL),(15,1,NULL,'2025-09-16','08:02:00','13:10:00','presente','manuale',NULL),(16,1,NULL,'2025-09-17','08:04:00','13:29:00','presente','facciale',NULL),(17,1,NULL,'2025-09-18','08:04:00','13:21:00','presente','facciale',NULL),(18,1,NULL,'2025-09-19','07:51:00','13:10:00','presente','facciale',NULL),(19,1,NULL,'2025-09-22','08:14:00','13:26:00','presente','facciale',NULL),(20,1,NULL,'2025-09-23','08:11:00','13:13:00','presente','facciale',NULL),(21,1,NULL,'2025-09-24','08:08:00','13:23:00','presente','facciale',NULL),(22,1,NULL,'2025-09-25','07:52:00','13:20:00','presente','facciale',NULL),(23,1,NULL,'2025-09-26',NULL,NULL,'assente','facciale',NULL),(24,1,NULL,'2025-09-29','07:45:00','13:29:00','presente','facciale',NULL),(25,1,NULL,'2025-09-30','08:12:00','13:14:00','presente','facciale',NULL),(26,1,NULL,'2025-10-01','08:00:00','13:20:00','presente','manuale',NULL),(27,1,NULL,'2025-10-02','07:56:00','13:30:00','presente','facciale',NULL),(28,1,NULL,'2025-10-03','07:58:00','13:21:00','presente','manuale',NULL),(29,1,NULL,'2025-10-06','07:53:00','13:19:00','presente','manuale',NULL),(30,1,NULL,'2025-10-07','08:04:00','13:21:00','presente','facciale',NULL),(31,1,NULL,'2025-10-08','08:58:00','13:30:00','ritardo','manuale',NULL),(32,1,NULL,'2025-10-09','07:56:00','13:27:00','presente','facciale',NULL),(33,1,NULL,'2025-10-10',NULL,NULL,'assente','facciale',NULL),(34,1,NULL,'2025-10-13','07:58:00','13:25:00','presente','manuale',NULL),(35,1,NULL,'2025-10-14','07:51:00','13:29:00','presente','facciale',NULL),(36,1,NULL,'2025-10-15','08:04:00','13:25:00','presente','manuale',NULL),(37,1,NULL,'2025-10-16','08:12:00','13:17:00','presente','manuale',NULL),(38,1,NULL,'2025-10-17','08:03:00','13:30:00','presente','facciale',NULL),(39,1,NULL,'2025-10-20','08:00:00','13:13:00','presente','facciale',NULL),(40,1,NULL,'2025-10-21','08:04:00','13:19:00','presente','manuale',NULL),(41,1,NULL,'2025-10-22','08:12:00','13:24:00','presente','facciale',NULL),(42,1,NULL,'2025-10-23','07:52:00','13:23:00','presente','facciale',NULL),(43,1,NULL,'2025-10-24','07:52:00','13:15:00','presente','manuale',NULL),(44,1,NULL,'2025-10-27',NULL,NULL,'assente','facciale',NULL),(45,1,NULL,'2025-10-28','08:04:00','13:17:00','presente','facciale',NULL),(46,1,NULL,'2025-10-29','07:48:00','13:23:00','presente','manuale',NULL),(47,1,NULL,'2025-10-30',NULL,NULL,'assente','facciale',NULL),(48,1,NULL,'2025-10-31','07:50:00','13:29:00','presente','manuale',NULL),(49,1,NULL,'2025-11-03','08:00:00','13:15:00','presente','facciale',NULL),(50,1,NULL,'2025-11-04','08:06:00','13:10:00','presente','facciale',NULL),(51,1,NULL,'2025-11-05','07:49:00','13:19:00','presente','manuale',NULL),(52,1,NULL,'2025-11-06','08:02:00','13:17:00','presente','facciale',NULL),(53,1,NULL,'2025-11-07','08:10:00','13:25:00','presente','facciale',NULL),(54,1,NULL,'2025-11-10','07:53:00','13:20:00','presente','facciale',NULL),(55,1,NULL,'2025-11-11','08:13:00','13:14:00','presente','facciale',NULL),(56,1,NULL,'2025-11-12','07:45:00','13:10:00','presente','facciale',NULL),(57,1,NULL,'2025-11-13',NULL,NULL,'assente','facciale',NULL),(58,1,NULL,'2025-11-14','07:54:00','13:22:00','presente','facciale',NULL),(59,1,NULL,'2025-11-17','07:46:00','13:24:00','presente','facciale',NULL),(60,1,NULL,'2025-11-18',NULL,NULL,'assente','facciale',NULL),(61,1,NULL,'2025-11-19','08:06:00','13:11:00','presente','facciale',NULL),(62,1,NULL,'2025-11-20','08:05:00','13:25:00','presente','facciale',NULL),(63,1,NULL,'2025-11-21','07:56:00','13:11:00','presente','facciale',NULL),(64,1,NULL,'2025-11-24','08:14:00','13:22:00','presente','manuale',NULL),(65,1,NULL,'2025-11-25','08:03:00','13:30:00','presente','facciale',NULL),(66,1,NULL,'2025-11-26','08:11:00','13:11:00','presente','facciale',NULL),(67,1,NULL,'2025-11-27','07:57:00','13:16:00','presente','facciale',NULL),(68,1,NULL,'2025-11-28','08:05:00','13:25:00','presente','facciale',NULL),(69,1,NULL,'2025-12-01','07:45:00','13:15:00','presente','facciale',NULL),(70,1,NULL,'2025-12-02','07:56:00','13:26:00','presente','facciale',NULL),(71,1,NULL,'2025-12-03','07:53:00','13:12:00','presente','facciale',NULL),(72,1,NULL,'2025-12-04','08:03:00','13:19:00','presente','facciale',NULL),(73,1,NULL,'2025-12-05','09:11:00','13:26:00','ritardo','manuale',NULL),(74,1,NULL,'2025-12-09','08:04:00','13:10:00','presente','manuale',NULL),(75,1,NULL,'2025-12-10',NULL,NULL,'assente','facciale',NULL),(76,1,NULL,'2025-12-11','07:51:00','13:30:00','presente','facciale',NULL),(77,1,NULL,'2025-12-12','08:10:00','13:17:00','presente','facciale',NULL),(78,1,NULL,'2025-12-15','08:05:00','13:19:00','presente','facciale',NULL),(79,1,NULL,'2025-12-16','08:04:00','13:23:00','presente','facciale',NULL),(80,1,NULL,'2025-12-17','07:46:00','13:28:00','presente','manuale',NULL),(81,1,NULL,'2025-12-18','08:09:00','13:11:00','presente','facciale',NULL),(82,1,NULL,'2025-12-19','08:14:00','11:25:00','uscita_anticipata','facciale',NULL),(83,1,NULL,'2026-01-07','07:55:00','13:20:00','presente','facciale',NULL),(84,1,NULL,'2026-01-08','07:58:00','13:29:00','presente','manuale',NULL),(85,1,NULL,'2026-01-09','08:08:00','13:26:00','presente','facciale',NULL),(86,1,NULL,'2026-01-12','08:14:00','13:11:00','presente','facciale',NULL),(87,1,NULL,'2026-01-13','08:00:00','13:26:00','presente','facciale',NULL),(88,1,NULL,'2026-01-14','07:50:00','13:18:00','presente','facciale',NULL),(89,1,NULL,'2026-01-15','08:11:00','13:23:00','presente','facciale',NULL),(90,1,NULL,'2026-01-16','07:54:00','13:10:00','presente','facciale',NULL),(91,1,NULL,'2026-01-19','08:00:00','13:30:00','presente','manuale',NULL),(92,1,NULL,'2026-01-20','08:13:00','13:27:00','presente','facciale',NULL),(93,1,NULL,'2026-01-21','07:58:00','13:29:00','presente','facciale',NULL),(94,1,NULL,'2026-01-22','08:04:00','13:14:00','presente','facciale',NULL),(95,1,NULL,'2026-01-23','07:49:00','13:11:00','presente','facciale',NULL),(96,1,NULL,'2026-01-26','09:10:00','13:11:00','ritardo','facciale',NULL),(97,1,NULL,'2026-01-27','07:56:00','13:24:00','presente','facciale',NULL),(98,1,NULL,'2026-01-28','08:01:00','13:18:00','presente','facciale',NULL),(99,1,NULL,'2026-01-29','07:54:00','13:15:00','presente','facciale',NULL),(100,1,NULL,'2026-01-30','07:48:00','13:22:00','presente','facciale',NULL),(101,1,NULL,'2026-02-02','08:00:00','13:21:00','presente','manuale',NULL),(102,1,NULL,'2026-02-03','07:49:00','13:21:00','presente','facciale',NULL),(103,1,NULL,'2026-02-04','08:05:00','13:13:00','presente','facciale',NULL),(104,1,NULL,'2026-02-05','08:12:00','13:23:00','presente','facciale',NULL),(105,1,NULL,'2026-02-06','08:06:00','13:20:00','presente','facciale',NULL),(106,1,NULL,'2026-02-09','08:12:00','13:18:00','presente','facciale',NULL),(107,1,NULL,'2026-02-10','07:58:00','13:26:00','presente','facciale',NULL),(108,1,NULL,'2026-02-11','08:10:00','13:20:00','presente','facciale',NULL),(109,1,NULL,'2026-02-12','07:45:00','13:19:00','presente','facciale',NULL),(110,1,NULL,'2026-02-13','07:49:00','13:28:00','presente','facciale',NULL),(111,1,NULL,'2026-02-18','07:50:00','13:20:00','presente','manuale',NULL),(112,1,NULL,'2026-02-19','07:51:00','13:27:00','presente','facciale',NULL),(113,1,NULL,'2026-02-20','08:03:00','13:15:00','presente','facciale',NULL),(114,1,NULL,'2026-02-23',NULL,NULL,'assente','facciale',NULL),(115,1,NULL,'2026-02-24','08:02:00','13:29:00','presente','facciale',NULL),(116,1,NULL,'2026-02-25','08:02:00','13:14:00','presente','facciale',NULL),(117,1,NULL,'2026-02-26','08:12:00','13:13:00','presente','manuale',NULL),(118,1,NULL,'2026-02-27','08:08:00','13:12:00','presente','facciale',NULL),(119,1,NULL,'2026-03-02',NULL,NULL,'assente','facciale',NULL),(120,1,NULL,'2026-03-03','08:09:00','13:10:00','presente','facciale',NULL),(121,1,NULL,'2026-03-04','08:05:00','13:11:00','presente','manuale',NULL),(122,1,NULL,'2026-03-05','07:54:00','13:16:00','presente','facciale',NULL),(123,1,NULL,'2026-03-06','08:05:00','13:24:00','presente','facciale',NULL),(124,1,NULL,'2026-03-09','08:08:00','13:14:00','presente','facciale',NULL),(125,1,NULL,'2026-03-10','07:47:00','13:26:00','presente','manuale',NULL),(126,1,NULL,'2026-03-11','08:11:00','13:18:00','presente','facciale',NULL),(127,1,NULL,'2026-03-12',NULL,NULL,'assente','facciale',NULL),(128,1,NULL,'2026-03-13','08:02:00','13:20:00','presente','facciale',NULL),(129,1,NULL,'2026-03-16','07:58:00','13:14:00','presente','facciale',NULL),(130,1,NULL,'2026-03-17','07:46:00','13:16:00','presente','facciale',NULL),(131,1,NULL,'2026-03-18','08:05:00','13:25:00','presente','facciale',NULL),(132,1,NULL,'2026-03-19','08:13:00','13:17:00','presente','facciale',NULL),(133,1,NULL,'2026-03-20','07:47:00','13:30:00','presente','manuale',NULL),(134,1,NULL,'2026-03-23','08:01:00','13:25:00','presente','facciale',NULL),(135,1,NULL,'2026-03-24','08:05:00','13:11:00','presente','facciale',NULL),(136,1,NULL,'2026-03-25','07:51:00','13:30:00','presente','manuale',NULL),(137,1,NULL,'2026-03-26','07:48:00','13:12:00','presente','facciale',NULL),(138,1,NULL,'2026-03-27','08:09:00','13:20:00','presente','facciale',NULL),(139,1,NULL,'2026-03-30','07:49:00','13:22:00','presente','manuale',NULL),(140,1,NULL,'2026-03-31','07:51:00','13:12:00','presente','facciale',NULL),(141,1,NULL,'2026-04-01','07:52:00','13:15:00','presente','facciale',NULL),(142,1,NULL,'2026-04-08','07:53:00','13:18:00','presente','facciale',NULL),(143,1,NULL,'2026-04-09','08:10:00','13:21:00','presente','facciale',NULL),(144,1,NULL,'2026-04-10','07:45:00','13:11:00','presente','facciale',NULL),(145,1,NULL,'2026-04-13','07:47:00','13:11:00','presente','facciale',NULL),(146,1,NULL,'2026-04-14','08:03:00','13:13:00','presente','facciale',NULL),(147,1,NULL,'2026-04-15','07:51:00','13:13:00','presente','facciale',NULL),(148,1,NULL,'2026-04-16','08:11:00','13:13:00','presente','facciale',NULL),(149,1,NULL,'2026-04-17','07:59:00','13:22:00','presente','facciale',NULL),(150,1,NULL,'2026-04-20','07:54:00','13:16:00','presente','facciale',NULL),(151,1,NULL,'2026-04-21','08:12:00','13:10:00','presente','facciale',NULL),(152,1,NULL,'2026-04-22','07:58:00','13:30:00','presente','manuale',NULL),(153,1,NULL,'2026-04-23','07:54:00','13:13:00','presente','facciale',NULL),(154,1,NULL,'2026-04-24','08:14:00','13:30:00','presente','facciale',NULL),(155,1,NULL,'2026-04-27','07:56:00','13:29:00','presente','facciale',NULL),(156,1,NULL,'2026-04-28',NULL,NULL,'assente','facciale',NULL),(157,1,NULL,'2026-04-29','08:13:00','13:13:00','presente','facciale',NULL),(158,1,NULL,'2026-04-30','07:46:00','13:15:00','presente','facciale',NULL),(159,1,NULL,'2026-05-04',NULL,NULL,'assente','facciale',NULL),(160,1,NULL,'2026-05-05','07:49:00','13:15:00','presente','facciale',NULL),(161,1,NULL,'2026-05-06','07:59:00','13:12:00','presente','manuale',NULL),(162,1,NULL,'2026-05-07','08:05:00','13:25:00','presente','facciale',NULL),(163,1,NULL,'2026-05-08','08:09:00','13:30:00','presente','facciale',NULL),(164,1,NULL,'2026-05-11',NULL,NULL,'assente','facciale',NULL),(165,1,NULL,'2026-05-12','08:04:00','13:18:00','presente','facciale',NULL),(166,1,NULL,'2026-05-13','08:13:00','13:18:00','presente','facciale',NULL),(167,1,NULL,'2026-05-14','08:12:00','13:13:00','presente','manuale',NULL),(168,1,NULL,'2026-05-15','07:58:00','13:20:00','presente','facciale',NULL),(169,1,NULL,'2026-05-18','08:08:00','13:23:00','uscita_anticipata','manuale',''),(170,2,NULL,'2025-09-15','07:54:00','13:10:00','presente','facciale',NULL),(171,2,NULL,'2025-09-16','07:49:00','13:18:00','presente','facciale',NULL),(172,2,NULL,'2025-09-17','08:10:00','11:36:00','uscita_anticipata','facciale',NULL),(173,2,NULL,'2025-09-18','08:12:00','13:16:00','presente','facciale',NULL),(174,2,NULL,'2025-09-19','07:57:00','13:28:00','presente','facciale',NULL),(175,2,NULL,'2025-09-22','08:03:00','13:15:00','presente','facciale',NULL),(176,2,NULL,'2025-09-23','07:50:00','13:19:00','presente','manuale',NULL),(177,2,NULL,'2025-09-24','07:59:00','13:21:00','presente','facciale',NULL),(178,2,NULL,'2025-09-25','07:56:00','13:16:00','presente','facciale',NULL),(179,2,NULL,'2025-09-26','07:53:00','13:20:00','presente','facciale',NULL),(180,2,NULL,'2025-09-29',NULL,NULL,'assente','facciale',NULL),(181,2,NULL,'2025-09-30','08:13:00','13:22:00','presente','facciale',NULL),(182,2,NULL,'2025-10-01','07:58:00','13:10:00','presente','facciale',NULL),(183,2,NULL,'2025-10-02','08:23:00','13:17:00','ritardo','manuale',NULL),(184,2,NULL,'2025-10-03',NULL,NULL,'assente','facciale',NULL),(185,2,NULL,'2025-10-06','08:00:00','13:12:00','presente','manuale',NULL),(186,2,NULL,'2025-10-07','07:52:00','13:16:00','presente','manuale',NULL),(187,2,NULL,'2025-10-08','07:59:00','13:16:00','presente','facciale',NULL),(188,2,NULL,'2025-10-09','07:45:00','13:20:00','presente','facciale',NULL),(189,2,NULL,'2025-10-10','07:45:00','13:16:00','presente','manuale',NULL),(190,2,NULL,'2025-10-13','08:24:00','11:00:00','uscita_anticipata','facciale',NULL),(191,2,NULL,'2025-10-14','08:06:00','13:22:00','presente','facciale',NULL),(192,2,NULL,'2025-10-15','07:53:00','13:28:00','presente','facciale',NULL),(193,2,NULL,'2025-10-16','08:05:00','13:11:00','presente','facciale',NULL),(194,2,NULL,'2025-10-17','07:54:00','13:10:00','presente','facciale',NULL),(195,2,NULL,'2025-10-20','08:02:00','13:21:00','presente','facciale',NULL),(196,2,NULL,'2025-10-21',NULL,NULL,'assente','facciale',NULL),(197,2,NULL,'2025-10-22','07:49:00','13:18:00','presente','facciale',NULL),(198,2,NULL,'2025-10-23','07:52:00','13:18:00','presente','facciale',NULL),(199,2,NULL,'2025-10-24','07:59:00','13:30:00','presente','facciale',NULL),(200,2,NULL,'2025-10-27','08:35:00','13:23:00','ritardo','manuale',NULL),(201,2,NULL,'2025-10-28','07:54:00','13:23:00','presente','facciale',NULL),(202,2,NULL,'2025-10-29','08:06:00','13:26:00','presente','facciale',NULL),(203,2,NULL,'2025-10-30',NULL,NULL,'assente','facciale',NULL),(204,2,NULL,'2025-10-31','07:48:00','13:25:00','presente','manuale',NULL),(205,2,NULL,'2025-11-03','08:10:00','13:23:00','presente','manuale',NULL),(206,2,NULL,'2025-11-04',NULL,NULL,'assente','facciale',NULL),(207,2,NULL,'2025-11-05','07:54:00','13:12:00','presente','facciale',NULL),(208,2,NULL,'2025-11-06','08:01:00','13:16:00','presente','facciale',NULL),(209,2,NULL,'2025-11-07','08:09:00','13:18:00','presente','manuale',NULL),(210,2,NULL,'2025-11-10','07:50:00','13:10:00','presente','facciale',NULL),(211,2,NULL,'2025-11-11','08:02:00','13:26:00','presente','facciale',NULL),(212,2,NULL,'2025-11-12','08:01:00','13:11:00','presente','facciale',NULL),(213,2,NULL,'2025-11-13','07:58:00','13:23:00','presente','facciale',NULL),(214,2,NULL,'2025-11-14','07:59:00','13:28:00','presente','manuale',NULL),(215,2,NULL,'2025-11-17','07:59:00','13:27:00','presente','manuale',NULL),(216,2,NULL,'2025-11-18','07:56:00','13:30:00','presente','facciale',NULL),(217,2,NULL,'2025-11-19','07:50:00','13:14:00','presente','manuale',NULL),(218,2,NULL,'2025-11-20','07:58:00','13:22:00','presente','facciale',NULL),(219,2,NULL,'2025-11-21','07:54:00','13:29:00','presente','facciale',NULL),(220,2,NULL,'2025-11-24','08:02:00','13:25:00','presente','manuale',NULL),(221,2,NULL,'2025-11-25','08:08:00','13:28:00','presente','facciale',NULL),(222,2,NULL,'2025-11-26','07:58:00','13:12:00','presente','facciale',NULL),(223,2,NULL,'2025-11-27','08:05:00','13:30:00','presente','facciale',NULL),(224,2,NULL,'2025-11-28','07:45:00','13:14:00','presente','facciale',NULL),(225,2,NULL,'2025-12-01',NULL,NULL,'assente','facciale',NULL),(226,2,NULL,'2025-12-02','07:49:00','13:12:00','presente','facciale',NULL),(227,2,NULL,'2025-12-03','08:14:00','13:10:00','presente','manuale',NULL),(228,2,NULL,'2025-12-04',NULL,NULL,'assente','facciale',NULL),(229,2,NULL,'2025-12-05','07:46:00','13:14:00','presente','manuale',NULL),(230,2,NULL,'2025-12-09','08:14:00','13:18:00','presente','facciale',NULL),(231,2,NULL,'2025-12-10','08:00:00','13:11:00','presente','manuale',NULL),(232,2,NULL,'2025-12-11','08:11:00','13:26:00','presente','facciale',NULL),(233,2,NULL,'2025-12-12','08:03:00','13:11:00','presente','facciale',NULL),(234,2,NULL,'2025-12-15','07:56:00','13:21:00','presente','facciale',NULL),(235,2,NULL,'2025-12-16','07:49:00','13:23:00','presente','facciale',NULL),(236,2,NULL,'2025-12-17','08:11:00','11:02:00','uscita_anticipata','manuale',NULL),(237,2,NULL,'2025-12-18','07:46:00','11:52:00','uscita_anticipata','manuale',NULL),(238,2,NULL,'2025-12-19',NULL,NULL,'assente','facciale',NULL),(239,2,NULL,'2026-01-07','07:52:00','13:25:00','presente','manuale',NULL),(240,2,NULL,'2026-01-08','07:45:00','13:16:00','presente','facciale',NULL),(241,2,NULL,'2026-01-09','07:49:00','13:15:00','presente','facciale',NULL),(242,2,NULL,'2026-01-12','07:54:00','13:17:00','presente','facciale',NULL),(243,2,NULL,'2026-01-13','07:55:00','13:26:00','presente','facciale',NULL),(244,2,NULL,'2026-01-14','07:55:00','13:24:00','presente','manuale',NULL),(245,2,NULL,'2026-01-15','08:12:00','13:30:00','presente','facciale',NULL),(246,2,NULL,'2026-01-16','08:06:00','13:21:00','presente','manuale',NULL),(247,2,NULL,'2026-01-19','08:01:00','13:17:00','presente','facciale',NULL),(248,2,NULL,'2026-01-20','07:56:00','13:11:00','presente','facciale',NULL),(249,2,NULL,'2026-01-21','08:10:00','13:14:00','presente','facciale',NULL),(250,2,NULL,'2026-01-22','08:09:00','13:14:00','presente','facciale',NULL),(251,2,NULL,'2026-01-23','08:06:00','13:24:00','presente','manuale',NULL),(252,2,NULL,'2026-01-26','07:48:00','11:35:00','uscita_anticipata','facciale',NULL),(253,2,NULL,'2026-01-27','07:48:00','13:21:00','presente','facciale',NULL),(254,2,NULL,'2026-01-28','08:12:00','13:14:00','presente','manuale',NULL),(255,2,NULL,'2026-01-29','08:09:00','13:18:00','presente','facciale',NULL),(256,2,NULL,'2026-01-30','07:57:00','13:25:00','presente','facciale',NULL),(257,2,NULL,'2026-02-02','08:11:00','13:13:00','presente','facciale',NULL),(258,2,NULL,'2026-02-03','08:03:00','13:21:00','presente','facciale',NULL),(259,2,NULL,'2026-02-04','07:54:00','13:15:00','presente','facciale',NULL),(260,2,NULL,'2026-02-05',NULL,NULL,'assente','facciale',NULL),(261,2,NULL,'2026-02-06','07:50:00','13:10:00','presente','facciale',NULL),(262,2,NULL,'2026-02-09','07:50:00','13:16:00','presente','facciale',NULL),(263,2,NULL,'2026-02-10','08:11:00','13:13:00','presente','facciale',NULL),(264,2,NULL,'2026-02-11','07:52:00','13:21:00','presente','facciale',NULL),(265,2,NULL,'2026-02-12','08:00:00','13:27:00','presente','manuale',NULL),(266,2,NULL,'2026-02-13','08:13:00','13:17:00','presente','manuale',NULL),(267,2,NULL,'2026-02-18','07:53:00','13:23:00','presente','manuale',NULL),(268,2,NULL,'2026-02-19',NULL,NULL,'assente','facciale',NULL),(269,2,NULL,'2026-02-20','08:46:00','13:18:00','ritardo','manuale',NULL),(270,2,NULL,'2026-02-23','08:13:00','13:16:00','presente','facciale',NULL),(271,2,NULL,'2026-02-24','08:11:00','13:27:00','presente','facciale',NULL),(272,2,NULL,'2026-02-25','07:49:00','13:15:00','presente','facciale',NULL),(273,2,NULL,'2026-02-26','08:11:00','13:29:00','presente','facciale',NULL),(274,2,NULL,'2026-02-27','07:45:00','13:18:00','presente','facciale',NULL),(275,2,NULL,'2026-03-02','07:48:00','13:19:00','presente','facciale',NULL),(276,2,NULL,'2026-03-03','09:09:00','13:30:00','ritardo','manuale',NULL),(277,2,NULL,'2026-03-04','08:01:00','13:13:00','presente','facciale',NULL),(278,2,NULL,'2026-03-05','08:08:00','13:21:00','presente','manuale',NULL),(279,2,NULL,'2026-03-06','08:08:00','13:22:00','presente','manuale',NULL),(280,2,NULL,'2026-03-09',NULL,NULL,'assente','facciale',NULL),(281,2,NULL,'2026-03-10','08:04:00','13:15:00','presente','facciale',NULL),(282,2,NULL,'2026-03-11','07:52:00','13:16:00','presente','facciale',NULL),(283,2,NULL,'2026-03-12','09:13:00','13:30:00','ritardo','facciale',NULL),(284,2,NULL,'2026-03-13','08:06:00','11:01:00','uscita_anticipata','manuale',NULL),(285,2,NULL,'2026-03-16','07:59:00','13:15:00','presente','facciale',NULL),(286,2,NULL,'2026-03-17','07:54:00','13:16:00','presente','manuale',NULL),(287,2,NULL,'2026-03-18','07:50:00','13:19:00','presente','facciale',NULL),(288,2,NULL,'2026-03-19',NULL,NULL,'assente','facciale',NULL),(289,2,NULL,'2026-03-20','08:10:00','13:16:00','presente','facciale',NULL),(290,2,NULL,'2026-03-23','08:31:00','13:18:00','ritardo','facciale',NULL),(291,2,NULL,'2026-03-24','08:07:00','13:29:00','presente','facciale',NULL),(292,2,NULL,'2026-03-25','08:08:00','13:11:00','presente','facciale',NULL),(293,2,NULL,'2026-03-26','08:04:00','13:21:00','presente','facciale',NULL),(294,2,NULL,'2026-03-27','07:53:00','13:15:00','presente','facciale',NULL),(295,2,NULL,'2026-03-30',NULL,NULL,'assente','facciale',NULL),(296,2,NULL,'2026-03-31','08:06:00','13:20:00','presente','facciale',NULL),(297,2,NULL,'2026-04-01',NULL,NULL,'assente','facciale',NULL),(298,2,NULL,'2026-04-08','07:46:00','13:19:00','presente','facciale',NULL),(299,2,NULL,'2026-04-09','08:14:00','13:28:00','presente','manuale',NULL),(300,2,NULL,'2026-04-10','08:07:00','13:21:00','presente','facciale',NULL),(301,2,NULL,'2026-04-13','08:05:00','13:18:00','presente','manuale',NULL),(302,2,NULL,'2026-04-14','07:58:00','13:11:00','presente','facciale',NULL),(303,2,NULL,'2026-04-15','07:48:00','13:14:00','presente','facciale',NULL),(304,2,NULL,'2026-04-16','07:59:00','13:21:00','presente','manuale',NULL),(305,2,NULL,'2026-04-17','08:12:00','13:20:00','presente','facciale',NULL),(306,2,NULL,'2026-04-20','08:12:00','13:27:00','presente','facciale',NULL),(307,2,NULL,'2026-04-21',NULL,NULL,'assente','facciale',NULL),(308,2,NULL,'2026-04-22','07:57:00','13:27:00','presente','facciale',NULL),(309,2,NULL,'2026-04-23','07:55:00','13:25:00','presente','facciale',NULL),(310,2,NULL,'2026-04-24','08:12:00','13:23:00','presente','facciale',NULL),(311,2,NULL,'2026-04-27','08:00:00','13:18:00','presente','manuale',NULL),(312,2,NULL,'2026-04-28','07:49:00','13:18:00','presente','facciale',NULL),(313,2,NULL,'2026-04-29','07:56:00','13:29:00','presente','manuale',NULL),(314,2,NULL,'2026-04-30','07:54:00','13:14:00','presente','manuale',NULL),(315,2,NULL,'2026-05-04','07:56:00','13:28:00','presente','manuale',NULL),(316,2,NULL,'2026-05-05','07:52:00','13:19:00','presente','manuale',NULL),(317,2,NULL,'2026-05-06','07:53:00','13:14:00','presente','facciale',NULL),(318,2,NULL,'2026-05-07','07:51:00','13:16:00','presente','manuale',NULL),(319,2,NULL,'2026-05-08','08:12:00','13:22:00','presente','facciale',NULL),(320,2,NULL,'2026-05-11','07:49:00','13:15:00','presente','manuale',NULL),(321,2,NULL,'2026-05-12',NULL,NULL,'assente','facciale',NULL),(322,2,NULL,'2026-05-13','07:52:00','13:17:00','presente','facciale',NULL),(323,2,NULL,'2026-05-14','07:50:00','13:23:00','presente','facciale',NULL),(324,2,NULL,'2026-05-15','08:03:00','13:21:00','presente','facciale',NULL),(325,2,NULL,'2026-05-18','07:49:00','13:25:00','presente','manuale',NULL),(326,4,NULL,'2025-09-15','08:09:00','11:10:00','uscita_anticipata','facciale',NULL),(327,4,NULL,'2025-09-16','07:54:00','13:20:00','presente','facciale',NULL),(328,4,NULL,'2025-09-17','07:52:00','13:13:00','presente','facciale',NULL),(329,4,NULL,'2025-09-18',NULL,NULL,'assente','facciale',NULL),(330,4,NULL,'2025-09-19','08:03:00','13:21:00','presente','facciale',NULL),(331,4,NULL,'2025-09-22','07:52:00','13:22:00','presente','facciale',NULL),(332,4,NULL,'2025-09-23','07:49:00','13:24:00','presente','facciale',NULL),(333,4,NULL,'2025-09-24','07:48:00','13:23:00','presente','facciale',NULL),(334,4,NULL,'2025-09-25','07:49:00','13:26:00','presente','facciale',NULL),(335,4,NULL,'2025-09-26','08:05:00','13:30:00','presente','facciale',NULL),(336,4,NULL,'2025-09-29','09:30:00','13:28:00','ritardo','manuale',NULL),(337,4,NULL,'2025-09-30',NULL,NULL,'assente','facciale',NULL),(338,4,NULL,'2025-10-01','08:13:00','13:30:00','presente','facciale',NULL),(339,4,NULL,'2025-10-02','08:07:00','13:11:00','presente','facciale',NULL),(340,4,NULL,'2025-10-03','08:04:00','13:14:00','presente','facciale',NULL),(341,4,NULL,'2025-10-06','08:11:00','13:27:00','presente','facciale',NULL),(342,4,NULL,'2025-10-07','07:59:00','13:25:00','presente','manuale',NULL),(343,4,NULL,'2025-10-08','07:50:00','13:10:00','presente','manuale',NULL),(344,4,NULL,'2025-10-09','07:52:00','13:27:00','presente','facciale',NULL),(345,4,NULL,'2025-10-10','07:50:00','13:17:00','presente','facciale',NULL),(346,4,NULL,'2025-10-13','08:33:00','13:30:00','ritardo','facciale',NULL),(347,4,NULL,'2025-10-14','07:51:00','13:17:00','presente','facciale',NULL),(348,4,NULL,'2025-10-15','07:59:00','13:12:00','presente','manuale',NULL),(349,4,NULL,'2025-10-16',NULL,NULL,'assente','facciale',NULL),(350,4,NULL,'2025-10-17','07:45:00','13:12:00','presente','facciale',NULL),(351,4,NULL,'2025-10-20','08:02:00','13:24:00','presente','facciale',NULL),(352,4,NULL,'2025-10-21','08:11:00','13:11:00','presente','facciale',NULL),(353,4,NULL,'2025-10-22','07:55:00','13:13:00','presente','manuale',NULL),(354,4,NULL,'2025-10-23','08:05:00','13:19:00','presente','facciale',NULL),(355,4,NULL,'2025-10-24',NULL,NULL,'assente','facciale',NULL),(356,4,NULL,'2025-10-27','08:02:00','13:24:00','presente','facciale',NULL),(357,4,NULL,'2025-10-28',NULL,NULL,'assente','facciale',NULL),(358,4,NULL,'2025-10-29','07:53:00','13:17:00','presente','facciale',NULL),(359,4,NULL,'2025-10-30','07:52:00','13:26:00','presente','facciale',NULL),(360,4,NULL,'2025-10-31','07:57:00','13:10:00','presente','manuale',NULL),(361,4,NULL,'2025-11-03','08:31:00','13:22:00','ritardo','facciale',NULL),(362,4,NULL,'2025-11-04',NULL,NULL,'assente','facciale',NULL),(363,4,NULL,'2025-11-05','07:46:00','13:24:00','presente','manuale',NULL),(364,4,NULL,'2025-11-06','08:09:00','13:13:00','presente','facciale',NULL),(365,4,NULL,'2025-11-07','07:46:00','13:11:00','presente','facciale',NULL),(366,4,NULL,'2025-11-10','07:59:00','13:11:00','presente','manuale',NULL),(367,4,NULL,'2025-11-11','08:50:00','11:38:00','uscita_anticipata','manuale',NULL),(368,4,NULL,'2025-11-12','07:54:00','13:18:00','presente','facciale',NULL),(369,4,NULL,'2025-11-13','07:54:00','13:11:00','presente','facciale',NULL),(370,4,NULL,'2025-11-14','08:52:00','13:20:00','ritardo','manuale',NULL),(371,4,NULL,'2025-11-17','07:55:00','13:15:00','presente','facciale',NULL),(372,4,NULL,'2025-11-18','07:54:00','13:22:00','presente','facciale',NULL),(373,4,NULL,'2025-11-19','07:49:00','13:16:00','presente','manuale',NULL),(374,4,NULL,'2025-11-20','07:52:00','13:25:00','presente','manuale',NULL),(375,4,NULL,'2025-11-21',NULL,NULL,'assente','facciale',NULL),(376,4,NULL,'2025-11-24','08:05:00','13:28:00','presente','manuale',NULL),(377,4,NULL,'2025-11-25','08:06:00','13:25:00','presente','manuale',NULL),(378,4,NULL,'2025-11-26','08:09:00','13:25:00','presente','facciale',NULL),(379,4,NULL,'2025-11-27','07:54:00','13:29:00','presente','facciale',NULL),(380,4,NULL,'2025-11-28','07:56:00','13:26:00','presente','facciale',NULL),(381,4,NULL,'2025-12-01',NULL,NULL,'assente','facciale',NULL),(382,4,NULL,'2025-12-02','07:46:00','13:13:00','presente','facciale',NULL),(383,4,NULL,'2025-12-03','07:47:00','13:30:00','presente','facciale',NULL),(384,4,NULL,'2025-12-04','07:49:00','13:29:00','presente','facciale',NULL),(385,4,NULL,'2025-12-05','07:46:00','13:11:00','presente','facciale',NULL),(386,4,NULL,'2025-12-09','08:09:00','13:27:00','presente','facciale',NULL),(387,4,NULL,'2025-12-10','07:47:00','13:25:00','presente','facciale',NULL),(388,4,NULL,'2025-12-11','08:07:00','11:26:00','uscita_anticipata','facciale',NULL),(389,4,NULL,'2025-12-12','07:58:00','13:21:00','presente','facciale',NULL),(390,4,NULL,'2025-12-15','08:07:00','13:16:00','presente','manuale',NULL),(391,4,NULL,'2025-12-16','08:14:00','13:10:00','presente','facciale',NULL),(392,4,NULL,'2025-12-17',NULL,NULL,'assente','facciale',NULL),(393,4,NULL,'2025-12-18',NULL,NULL,'assente','facciale',NULL),(394,4,NULL,'2025-12-19',NULL,NULL,'assente','facciale',NULL),(395,4,NULL,'2026-01-07','09:04:00','13:29:00','ritardo','facciale',NULL),(396,4,NULL,'2026-01-08','07:56:00','13:24:00','presente','manuale',NULL),(397,4,NULL,'2026-01-09','08:01:00','13:24:00','presente','facciale',NULL),(398,4,NULL,'2026-01-12','07:45:00','11:10:00','uscita_anticipata','facciale',NULL),(399,4,NULL,'2026-01-13','08:02:00','13:24:00','presente','facciale',NULL),(400,4,NULL,'2026-01-14','07:53:00','13:26:00','presente','facciale',NULL),(401,4,NULL,'2026-01-15',NULL,NULL,'assente','facciale',NULL),(402,4,NULL,'2026-01-16','07:57:00','13:14:00','presente','manuale',NULL),(403,4,NULL,'2026-01-19',NULL,NULL,'assente','facciale',NULL),(404,4,NULL,'2026-01-20','08:14:00','13:28:00','presente','facciale',NULL),(405,4,NULL,'2026-01-21','08:02:00','13:17:00','presente','facciale',NULL),(406,4,NULL,'2026-01-22','07:46:00','13:26:00','presente','facciale',NULL),(407,4,NULL,'2026-01-23','08:12:00','11:32:00','uscita_anticipata','facciale',NULL),(408,4,NULL,'2026-01-26','08:06:00','13:27:00','presente','facciale',NULL),(409,4,NULL,'2026-01-27','08:44:00','13:18:00','ritardo','facciale',NULL),(410,4,NULL,'2026-01-28','07:49:00','13:17:00','presente','facciale',NULL),(411,4,NULL,'2026-01-29','08:05:00','13:16:00','presente','manuale',NULL),(412,4,NULL,'2026-01-30','08:10:00','11:12:00','uscita_anticipata','facciale',NULL),(413,4,NULL,'2026-02-02',NULL,NULL,'assente','facciale',NULL),(414,4,NULL,'2026-02-03','08:12:00','13:28:00','presente','facciale',NULL),(415,4,NULL,'2026-02-04','08:07:00','13:22:00','presente','facciale',NULL),(416,4,NULL,'2026-02-05','08:06:00','13:22:00','presente','facciale',NULL),(417,4,NULL,'2026-02-06','08:11:00','13:22:00','presente','manuale',NULL),(418,4,NULL,'2026-02-09','07:50:00','13:15:00','presente','facciale',NULL),(419,4,NULL,'2026-02-10',NULL,NULL,'assente','facciale',NULL),(420,4,NULL,'2026-02-11',NULL,NULL,'assente','facciale',NULL),(421,4,NULL,'2026-02-12','07:49:00','13:12:00','presente','facciale',NULL),(422,4,NULL,'2026-02-13','07:52:00','13:18:00','presente','facciale',NULL),(423,4,NULL,'2026-02-18','07:46:00','13:12:00','presente','manuale',NULL),(424,4,NULL,'2026-02-19','08:06:00','13:29:00','presente','facciale',NULL),(425,4,NULL,'2026-02-20','07:56:00','13:26:00','presente','facciale',NULL),(426,4,NULL,'2026-02-23','07:57:00','11:46:00','uscita_anticipata','manuale',NULL),(427,4,NULL,'2026-02-24','07:49:00','13:29:00','presente','facciale',NULL),(428,4,NULL,'2026-02-25','08:09:00','13:19:00','presente','facciale',NULL),(429,4,NULL,'2026-02-26',NULL,NULL,'assente','facciale',NULL),(430,4,NULL,'2026-02-27','08:00:00','13:24:00','presente','manuale',NULL),(431,4,NULL,'2026-03-02','07:53:00','11:09:00','uscita_anticipata','facciale',NULL),(432,4,NULL,'2026-03-03',NULL,NULL,'assente','facciale',NULL),(433,4,NULL,'2026-03-04',NULL,NULL,'assente','facciale',NULL),(434,4,NULL,'2026-03-05','08:08:00','13:17:00','presente','facciale',NULL),(435,4,NULL,'2026-03-06',NULL,NULL,'assente','facciale',NULL),(436,4,NULL,'2026-03-09','08:37:00','13:15:00','ritardo','facciale',NULL),(437,4,NULL,'2026-03-10','07:51:00','13:24:00','presente','manuale',NULL),(438,4,NULL,'2026-03-11','08:06:00','13:23:00','presente','manuale',NULL),(439,4,NULL,'2026-03-12','08:08:00','13:14:00','presente','facciale',NULL),(440,4,NULL,'2026-03-13','07:45:00','13:27:00','presente','facciale',NULL),(441,4,NULL,'2026-03-16','07:50:00','13:26:00','presente','facciale',NULL),(442,4,NULL,'2026-03-17','07:53:00','13:21:00','presente','facciale',NULL),(443,4,NULL,'2026-03-18','08:08:00','13:16:00','presente','manuale',NULL),(444,4,NULL,'2026-03-19','08:21:00','13:14:00','ritardo','facciale',NULL),(445,4,NULL,'2026-03-20','08:10:00','13:15:00','presente','facciale',NULL),(446,4,NULL,'2026-03-23','07:46:00','13:26:00','presente','facciale',NULL),(447,4,NULL,'2026-03-24','08:11:00','13:10:00','presente','facciale',NULL),(448,4,NULL,'2026-03-25','08:10:00','11:51:00','uscita_anticipata','facciale',NULL),(449,4,NULL,'2026-03-26','07:58:00','13:20:00','presente','facciale',NULL),(450,4,NULL,'2026-03-27',NULL,NULL,'assente','facciale',NULL),(451,4,NULL,'2026-03-30','08:02:00','13:14:00','presente','facciale',NULL),(452,4,NULL,'2026-03-31','08:09:00','13:26:00','presente','facciale',NULL),(453,4,NULL,'2026-04-01','08:04:00','13:17:00','presente','facciale',NULL),(454,4,NULL,'2026-04-08','08:42:00','13:10:00','ritardo','facciale',NULL),(455,4,NULL,'2026-04-09','07:47:00','13:12:00','presente','facciale',NULL),(456,4,NULL,'2026-04-10',NULL,NULL,'assente','facciale',NULL),(457,4,NULL,'2026-04-13','07:57:00','13:17:00','presente','manuale',NULL),(458,4,NULL,'2026-04-14','08:04:00','13:10:00','presente','facciale',NULL),(459,4,NULL,'2026-04-15','08:13:00','13:19:00','presente','facciale',NULL),(460,4,NULL,'2026-04-16','07:50:00','13:16:00','presente','facciale',NULL),(461,4,NULL,'2026-04-17','07:52:00','13:29:00','presente','facciale',NULL),(462,4,NULL,'2026-04-20','08:09:00','13:10:00','presente','facciale',NULL),(463,4,NULL,'2026-04-21',NULL,NULL,'assente','facciale',NULL),(464,4,NULL,'2026-04-22','09:17:00','13:11:00','ritardo','facciale',NULL),(465,4,NULL,'2026-04-23','07:51:00','13:18:00','presente','facciale',NULL),(466,4,NULL,'2026-04-24','08:01:00','13:25:00','presente','manuale',NULL),(467,4,NULL,'2026-04-27','08:13:00','13:18:00','presente','manuale',NULL),(468,4,NULL,'2026-04-28','08:14:00','13:25:00','presente','facciale',NULL),(469,4,NULL,'2026-04-29','08:34:00','13:10:00','ritardo','facciale',NULL),(470,4,NULL,'2026-04-30','07:51:00','13:24:00','presente','facciale',NULL),(471,4,NULL,'2026-05-04','08:14:00','13:12:00','presente','facciale',NULL),(472,4,NULL,'2026-05-05',NULL,NULL,'assente','facciale',NULL),(473,4,NULL,'2026-05-06',NULL,NULL,'assente','facciale',NULL),(474,4,NULL,'2026-05-07','07:45:00','13:11:00','presente','manuale',NULL),(475,4,NULL,'2026-05-08','07:52:00','11:10:00','uscita_anticipata','facciale',NULL),(476,4,NULL,'2026-05-11','08:11:00','13:13:00','presente','facciale',NULL),(477,4,NULL,'2026-05-12','09:28:00','13:25:00','ritardo','manuale',NULL),(478,4,NULL,'2026-05-13','07:48:00','13:23:00','presente','facciale',NULL),(479,4,NULL,'2026-05-14',NULL,NULL,'assente','facciale',NULL),(480,4,NULL,'2026-05-15','07:59:00','13:15:00','presente','facciale',NULL),(481,4,NULL,'2026-05-18','08:03:00','13:14:00','presente','facciale',NULL),(482,5,NULL,'2025-09-15',NULL,NULL,'assente','facciale',NULL),(483,5,NULL,'2025-09-16','08:06:00','13:25:00','presente','facciale',NULL),(484,5,NULL,'2025-09-17','07:55:00','13:21:00','presente','facciale',NULL),(485,5,NULL,'2025-09-18','08:06:00','13:21:00','presente','facciale',NULL),(486,5,NULL,'2025-09-19','07:54:00','13:23:00','presente','facciale',NULL),(487,5,NULL,'2025-09-22','08:06:00','13:29:00','presente','facciale',NULL),(488,5,NULL,'2025-09-23','08:04:00','13:16:00','presente','manuale',NULL),(489,5,NULL,'2025-09-24','08:11:00','11:59:00','uscita_anticipata','facciale',NULL),(490,5,NULL,'2025-09-25',NULL,NULL,'assente','facciale',NULL),(491,5,NULL,'2025-09-26','08:00:00','13:13:00','presente','facciale',NULL),(492,5,NULL,'2025-09-29','09:10:00','13:11:00','ritardo','facciale',NULL),(493,5,NULL,'2025-09-30',NULL,NULL,'assente','facciale',NULL),(494,5,NULL,'2025-10-01','08:06:00','13:26:00','presente','facciale',NULL),(495,5,NULL,'2025-10-02','07:47:00','13:17:00','presente','manuale',NULL),(496,5,NULL,'2025-10-03','07:52:00','13:11:00','presente','manuale',NULL),(497,5,NULL,'2025-10-06','07:51:00','13:29:00','presente','facciale',NULL),(498,5,NULL,'2025-10-07','07:45:00','13:15:00','presente','facciale',NULL),(499,5,NULL,'2025-10-08',NULL,NULL,'assente','facciale',NULL),(500,5,NULL,'2025-10-09','08:14:00','13:14:00','presente','manuale',NULL),(501,5,NULL,'2025-10-10','08:49:00','13:17:00','ritardo','facciale',NULL),(502,5,NULL,'2025-10-13','09:12:00','13:10:00','ritardo','facciale',NULL),(503,5,NULL,'2025-10-14','08:47:00','13:22:00','ritardo','facciale',NULL),(504,5,NULL,'2025-10-15',NULL,NULL,'assente','facciale',NULL),(505,5,NULL,'2025-10-16','07:52:00','13:17:00','presente','facciale',NULL),(506,5,NULL,'2025-10-17',NULL,NULL,'assente','facciale',NULL),(507,5,NULL,'2025-10-20','08:31:00','13:14:00','ritardo','facciale',NULL),(508,5,NULL,'2025-10-21',NULL,NULL,'assente','facciale',NULL),(509,5,NULL,'2025-10-22','08:09:00','13:27:00','presente','manuale',NULL),(510,5,NULL,'2025-10-23','07:49:00','13:18:00','presente','facciale',NULL),(511,5,NULL,'2025-10-24','08:02:00','13:26:00','presente','manuale',NULL),(512,5,NULL,'2025-10-27',NULL,NULL,'assente','facciale',NULL),(513,5,NULL,'2025-10-28','08:01:00','13:13:00','presente','manuale',NULL),(514,5,NULL,'2025-10-29','08:07:00','11:25:00','uscita_anticipata','facciale',NULL),(515,5,NULL,'2025-10-30','08:09:00','13:23:00','presente','facciale',NULL),(516,5,NULL,'2025-10-31','08:01:00','13:14:00','presente','facciale',NULL),(517,5,NULL,'2025-11-03','07:47:00','13:18:00','presente','facciale',NULL),(518,5,NULL,'2025-11-04','08:12:00','13:25:00','presente','facciale',NULL),(519,5,NULL,'2025-11-05',NULL,NULL,'assente','facciale',NULL),(520,5,NULL,'2025-11-06','09:02:00','13:10:00','ritardo','facciale',NULL),(521,5,NULL,'2025-11-07',NULL,NULL,'assente','facciale',NULL),(522,5,NULL,'2025-11-10','08:02:00','13:18:00','presente','facciale',NULL),(523,5,NULL,'2025-11-11','07:56:00','11:44:00','uscita_anticipata','manuale',NULL),(524,5,NULL,'2025-11-12','07:45:00','11:51:00','uscita_anticipata','facciale',NULL),(525,5,NULL,'2025-11-13','07:55:00','13:24:00','presente','facciale',NULL),(526,5,NULL,'2025-11-14','09:07:00','13:21:00','ritardo','facciale',NULL),(527,5,NULL,'2025-11-17','07:51:00','13:18:00','presente','facciale',NULL),(528,5,NULL,'2025-11-18','09:24:00','13:12:00','ritardo','facciale',NULL),(529,5,NULL,'2025-11-19','08:13:00','13:12:00','presente','facciale',NULL),(530,5,NULL,'2025-11-20','07:51:00','13:16:00','presente','facciale',NULL),(531,5,NULL,'2025-11-21','08:02:00','13:10:00','presente','manuale',NULL),(532,5,NULL,'2025-11-24',NULL,NULL,'assente','facciale',NULL),(533,5,NULL,'2025-11-25',NULL,NULL,'assente','facciale',NULL),(534,5,NULL,'2025-11-26',NULL,NULL,'assente','facciale',NULL),(535,5,NULL,'2025-11-27','07:52:00','13:18:00','presente','facciale',NULL),(536,5,NULL,'2025-11-28','08:08:00','13:11:00','presente','facciale',NULL),(537,5,NULL,'2025-12-01','07:51:00','13:26:00','presente','facciale',NULL),(538,5,NULL,'2025-12-02','08:02:00','13:22:00','presente','facciale',NULL),(539,5,NULL,'2025-12-03',NULL,NULL,'assente','facciale',NULL),(540,5,NULL,'2025-12-04','08:10:00','13:28:00','presente','facciale',NULL),(541,5,NULL,'2025-12-05','07:57:00','13:27:00','presente','facciale',NULL),(542,5,NULL,'2025-12-09','08:11:00','13:25:00','presente','facciale',NULL),(543,5,NULL,'2025-12-10',NULL,NULL,'assente','facciale',NULL),(544,5,NULL,'2025-12-11',NULL,NULL,'assente','facciale',NULL),(545,5,NULL,'2025-12-12',NULL,NULL,'assente','facciale',NULL),(546,5,NULL,'2025-12-15','08:04:00','13:19:00','presente','facciale',NULL),(547,5,NULL,'2025-12-16','08:08:00','13:29:00','presente','manuale',NULL),(548,5,NULL,'2025-12-17','08:12:00','13:17:00','presente','manuale',NULL),(549,5,NULL,'2025-12-18','08:04:00','13:15:00','presente','manuale',NULL),(550,5,NULL,'2025-12-19','08:06:00','13:15:00','presente','facciale',NULL),(551,5,NULL,'2026-01-07','08:02:00','13:30:00','presente','facciale',NULL),(552,5,NULL,'2026-01-08','08:04:00','13:27:00','presente','manuale',NULL),(553,5,NULL,'2026-01-09','07:56:00','13:30:00','presente','manuale',NULL),(554,5,NULL,'2026-01-12','07:45:00','13:21:00','presente','facciale',NULL),(555,5,NULL,'2026-01-13','08:44:00','13:16:00','ritardo','facciale',NULL),(556,5,NULL,'2026-01-14','07:48:00','13:18:00','presente','facciale',NULL),(557,5,NULL,'2026-01-15','07:56:00','13:15:00','presente','manuale',NULL),(558,5,NULL,'2026-01-16',NULL,NULL,'assente','facciale',NULL),(559,5,NULL,'2026-01-19','08:06:00','13:11:00','presente','manuale',NULL),(560,5,NULL,'2026-01-20','08:01:00','13:19:00','presente','facciale',NULL),(561,5,NULL,'2026-01-21','07:54:00','13:12:00','presente','facciale',NULL),(562,5,NULL,'2026-01-22','08:11:00','13:22:00','presente','manuale',NULL),(563,5,NULL,'2026-01-23','07:55:00','13:18:00','presente','facciale',NULL),(564,5,NULL,'2026-01-26','08:00:00','13:16:00','presente','facciale',NULL),(565,5,NULL,'2026-01-27','07:57:00','13:21:00','presente','facciale',NULL),(566,5,NULL,'2026-01-28','07:50:00','13:18:00','presente','manuale',NULL),(567,5,NULL,'2026-01-29','08:26:00','13:22:00','ritardo','manuale',NULL),(568,5,NULL,'2026-01-30','07:45:00','13:22:00','presente','facciale',NULL),(569,5,NULL,'2026-02-02','08:04:00','13:30:00','presente','facciale',NULL),(570,5,NULL,'2026-02-03',NULL,NULL,'assente','facciale',NULL),(571,5,NULL,'2026-02-04','08:06:00','13:18:00','presente','manuale',NULL),(572,5,NULL,'2026-02-05','08:00:00','13:22:00','presente','manuale',NULL),(573,5,NULL,'2026-02-06','08:00:00','13:25:00','presente','facciale',NULL),(574,5,NULL,'2026-02-09','09:13:00','11:55:00','uscita_anticipata','manuale',NULL),(575,5,NULL,'2026-02-10','08:44:00','13:17:00','ritardo','facciale',NULL),(576,5,NULL,'2026-02-11',NULL,NULL,'assente','facciale',NULL),(577,5,NULL,'2026-02-12','07:46:00','13:21:00','presente','facciale',NULL),(578,5,NULL,'2026-02-13','07:48:00','11:57:00','uscita_anticipata','facciale',NULL),(579,5,NULL,'2026-02-18','08:06:00','13:13:00','presente','facciale',NULL),(580,5,NULL,'2026-02-19',NULL,NULL,'assente','facciale',NULL),(581,5,NULL,'2026-02-20','07:53:00','13:29:00','presente','facciale',NULL),(582,5,NULL,'2026-02-23',NULL,NULL,'assente','facciale',NULL),(583,5,NULL,'2026-02-24','08:57:00','13:23:00','ritardo','manuale',NULL),(584,5,NULL,'2026-02-25','08:01:00','13:24:00','presente','manuale',NULL),(585,5,NULL,'2026-02-26','07:46:00','13:28:00','presente','manuale',NULL),(586,5,NULL,'2026-02-27','07:50:00','13:19:00','presente','manuale',NULL),(587,5,NULL,'2026-03-02','08:50:00','13:28:00','ritardo','facciale',NULL),(588,5,NULL,'2026-03-03','08:13:00','13:29:00','presente','manuale',NULL),(589,5,NULL,'2026-03-04','08:52:00','13:27:00','ritardo','manuale',NULL),(590,5,NULL,'2026-03-05','07:49:00','13:17:00','presente','facciale',NULL),(591,5,NULL,'2026-03-06','08:06:00','13:26:00','presente','facciale',NULL),(592,5,NULL,'2026-03-09','08:13:00','13:29:00','presente','facciale',NULL),(593,5,NULL,'2026-03-10','07:59:00','13:21:00','presente','facciale',NULL),(594,5,NULL,'2026-03-11','07:50:00','13:11:00','presente','manuale',NULL),(595,5,NULL,'2026-03-12',NULL,NULL,'assente','facciale',NULL),(596,5,NULL,'2026-03-13','07:47:00','13:21:00','presente','manuale',NULL),(597,5,NULL,'2026-03-16','08:52:00','13:18:00','ritardo','manuale',NULL),(598,5,NULL,'2026-03-17',NULL,NULL,'assente','facciale',NULL),(599,5,NULL,'2026-03-18',NULL,NULL,'assente','facciale',NULL),(600,5,NULL,'2026-03-19','08:13:00','13:13:00','presente','manuale',NULL),(601,5,NULL,'2026-03-20','08:00:00','13:28:00','presente','facciale',NULL),(602,5,NULL,'2026-03-23','09:01:00','13:22:00','ritardo','facciale',NULL),(603,5,NULL,'2026-03-24','09:03:00','13:19:00','ritardo','manuale',NULL),(604,5,NULL,'2026-03-25','09:12:00','13:20:00','ritardo','facciale',NULL),(605,5,NULL,'2026-03-26','08:09:00','13:29:00','presente','facciale',NULL),(606,5,NULL,'2026-03-27','07:52:00','13:19:00','presente','facciale',NULL),(607,5,NULL,'2026-03-30','07:55:00','13:12:00','presente','manuale',NULL),(608,5,NULL,'2026-03-31','07:59:00','13:18:00','presente','facciale',NULL),(609,5,NULL,'2026-04-01',NULL,NULL,'assente','facciale',NULL),(610,5,NULL,'2026-04-08','08:06:00','13:29:00','presente','manuale',NULL),(611,5,NULL,'2026-04-09','08:05:00','13:12:00','presente','facciale',NULL),(612,5,NULL,'2026-04-10','07:50:00','11:19:00','uscita_anticipata','facciale',NULL),(613,5,NULL,'2026-04-13','08:01:00','13:27:00','presente','facciale',NULL),(614,5,NULL,'2026-04-14','07:58:00','13:28:00','presente','facciale',NULL),(615,5,NULL,'2026-04-15','07:58:00','13:11:00','presente','facciale',NULL),(616,5,NULL,'2026-04-16','08:00:00','13:11:00','presente','facciale',NULL),(617,5,NULL,'2026-04-17',NULL,NULL,'assente','facciale',NULL),(618,5,NULL,'2026-04-20','08:03:00','13:13:00','presente','manuale',NULL),(619,5,NULL,'2026-04-21',NULL,NULL,'assente','facciale',NULL),(620,5,NULL,'2026-04-22',NULL,NULL,'assente','facciale',NULL),(621,5,NULL,'2026-04-23','07:48:00','13:27:00','presente','facciale',NULL),(622,5,NULL,'2026-04-24','08:05:00','13:27:00','presente','facciale',NULL),(623,5,NULL,'2026-04-27','07:51:00','11:45:00','uscita_anticipata','facciale',NULL),(624,5,NULL,'2026-04-28',NULL,NULL,'assente','facciale',NULL),(625,5,NULL,'2026-04-29','07:56:00','13:30:00','presente','manuale',NULL),(626,5,NULL,'2026-04-30','08:09:00','13:27:00','presente','facciale',NULL),(627,5,NULL,'2026-05-04','07:46:00','13:14:00','presente','facciale',NULL),(628,5,NULL,'2026-05-05','07:48:00','13:27:00','presente','facciale',NULL),(629,5,NULL,'2026-05-06','08:04:00','13:14:00','presente','manuale',NULL),(630,5,NULL,'2026-05-07','08:11:00','13:22:00','presente','facciale',NULL),(631,5,NULL,'2026-05-08','09:07:00','13:27:00','ritardo','manuale',NULL),(632,5,NULL,'2026-05-11','07:55:00','13:20:00','presente','facciale',NULL),(633,5,NULL,'2026-05-12','08:05:00','13:10:00','presente','manuale',NULL),(634,5,NULL,'2026-05-13','08:02:00','13:28:00','presente','facciale',NULL),(635,5,NULL,'2026-05-14',NULL,NULL,'assente','facciale',NULL),(636,5,NULL,'2026-05-15','07:58:00','13:12:00','presente','facciale',NULL),(637,5,NULL,'2026-05-18','08:04:00','13:13:00','presente','facciale',NULL),(794,9,NULL,'2025-09-15','08:01:00','13:12:00','presente','facciale',NULL),(795,9,NULL,'2025-09-16','08:33:00','13:30:00','ritardo','facciale',NULL),(796,9,NULL,'2025-09-17',NULL,NULL,'assente','facciale',NULL),(797,9,NULL,'2025-09-18','07:58:00','11:41:00','uscita_anticipata','facciale',NULL),(798,9,NULL,'2025-09-19','09:03:00','13:21:00','ritardo','facciale',NULL),(799,9,NULL,'2025-09-22','07:52:00','13:20:00','presente','facciale',NULL),(800,9,NULL,'2025-09-23',NULL,NULL,'assente','facciale',NULL),(801,9,NULL,'2025-09-24','08:00:00','13:30:00','presente','facciale',NULL),(802,9,NULL,'2025-09-25','07:56:00','13:11:00','presente','manuale',NULL),(803,9,NULL,'2025-09-26',NULL,NULL,'assente','facciale',NULL),(804,9,NULL,'2025-09-29','07:46:00','13:13:00','presente','facciale',NULL),(805,9,NULL,'2025-09-30','08:11:00','13:27:00','presente','facciale',NULL),(806,9,NULL,'2025-10-01','08:18:00','13:27:00','ritardo','facciale',NULL),(807,9,NULL,'2025-10-02','07:50:00','11:27:00','uscita_anticipata','facciale',NULL),(808,9,NULL,'2025-10-03','08:03:00','13:22:00','presente','facciale',NULL),(809,9,NULL,'2025-10-06','08:03:00','13:24:00','presente','facciale',NULL),(810,9,NULL,'2025-10-07','07:56:00','13:10:00','presente','facciale',NULL),(811,9,NULL,'2025-10-08','07:54:00','13:13:00','presente','manuale',NULL),(812,9,NULL,'2025-10-09',NULL,NULL,'assente','facciale',NULL),(813,9,NULL,'2025-10-10','08:03:00','13:20:00','presente','facciale',NULL),(814,9,NULL,'2025-10-13','07:50:00','13:20:00','presente','facciale',NULL),(815,9,NULL,'2025-10-14','08:08:00','13:10:00','presente','facciale',NULL),(816,9,NULL,'2025-10-15','08:06:00','13:13:00','presente','facciale',NULL),(817,9,NULL,'2025-10-16','07:56:00','13:23:00','presente','manuale',NULL),(818,9,NULL,'2025-10-17',NULL,NULL,'assente','facciale',NULL),(819,9,NULL,'2025-10-20','08:01:00','13:16:00','presente','manuale',NULL),(820,9,NULL,'2025-10-21','08:01:00','13:12:00','presente','facciale',NULL),(821,9,NULL,'2025-10-22',NULL,NULL,'assente','facciale',NULL),(822,9,NULL,'2025-10-23','08:00:00','13:10:00','presente','facciale',NULL),(823,9,NULL,'2025-10-24','07:51:00','13:10:00','presente','facciale',NULL),(824,9,NULL,'2025-10-27','08:13:00','13:11:00','presente','manuale',NULL),(825,9,NULL,'2025-10-28','07:59:00','13:16:00','presente','manuale',NULL),(826,9,NULL,'2025-10-29',NULL,NULL,'assente','facciale',NULL),(827,9,NULL,'2025-10-30','08:06:00','13:15:00','presente','facciale',NULL),(828,9,NULL,'2025-10-31','08:02:00','13:30:00','presente','facciale',NULL),(829,9,NULL,'2025-11-03','07:56:00','13:27:00','presente','facciale',NULL),(830,9,NULL,'2025-11-04','08:03:00','13:23:00','presente','manuale',NULL),(831,9,NULL,'2025-11-05','08:29:00','13:11:00','ritardo','facciale',NULL),(832,9,NULL,'2025-11-06','08:11:00','13:24:00','presente','facciale',NULL),(833,9,NULL,'2025-11-07','07:46:00','13:17:00','presente','facciale',NULL),(834,9,NULL,'2025-11-10','07:53:00','13:24:00','presente','manuale',NULL),(835,9,NULL,'2025-11-11','08:11:00','11:18:00','uscita_anticipata','facciale',NULL),(836,9,NULL,'2025-11-12','08:12:00','13:16:00','presente','facciale',NULL),(837,9,NULL,'2025-11-13',NULL,NULL,'assente','facciale',NULL),(838,9,NULL,'2025-11-14',NULL,NULL,'assente','facciale',NULL),(839,9,NULL,'2025-11-17','08:11:00','13:23:00','presente','facciale',NULL),(840,9,NULL,'2025-11-18','08:00:00','13:30:00','presente','facciale',NULL),(841,9,NULL,'2025-11-19','07:45:00','13:25:00','presente','facciale',NULL),(842,9,NULL,'2025-11-20','07:56:00','13:29:00','presente','facciale',NULL),(843,9,NULL,'2025-11-21','08:10:00','13:15:00','presente','manuale',NULL),(844,9,NULL,'2025-11-24','08:05:00','13:16:00','presente','facciale',NULL),(845,9,NULL,'2025-11-25','07:47:00','11:00:00','uscita_anticipata','facciale',NULL),(846,9,NULL,'2025-11-26',NULL,NULL,'assente','facciale',NULL),(847,9,NULL,'2025-11-27','07:58:00','13:16:00','presente','manuale',NULL),(848,9,NULL,'2025-11-28','07:50:00','13:19:00','presente','facciale',NULL),(849,9,NULL,'2025-12-01','08:00:00','13:17:00','presente','manuale',NULL),(850,9,NULL,'2025-12-02','08:51:00','11:59:00','uscita_anticipata','facciale',NULL),(851,9,NULL,'2025-12-03','07:45:00','13:22:00','presente','facciale',NULL),(852,9,NULL,'2025-12-04','09:06:00','13:22:00','ritardo','facciale',NULL),(853,9,NULL,'2025-12-05','07:54:00','13:17:00','presente','facciale',NULL),(854,9,NULL,'2025-12-09','07:51:00','13:21:00','presente','facciale',NULL),(855,9,NULL,'2025-12-10',NULL,NULL,'assente','facciale',NULL),(856,9,NULL,'2025-12-11',NULL,NULL,'assente','facciale',NULL),(857,9,NULL,'2025-12-12','08:08:00','13:30:00','presente','facciale',NULL),(858,9,NULL,'2025-12-15',NULL,NULL,'assente','facciale',NULL),(859,9,NULL,'2025-12-16','08:11:00','13:12:00','presente','facciale',NULL),(860,9,NULL,'2025-12-17','07:45:00','13:19:00','presente','facciale',NULL),(861,9,NULL,'2025-12-18','08:13:00','13:28:00','presente','facciale',NULL),(862,9,NULL,'2025-12-19',NULL,NULL,'assente','facciale',NULL),(863,9,NULL,'2026-01-07','07:57:00','13:21:00','presente','manuale',NULL),(864,9,NULL,'2026-01-08',NULL,NULL,'assente','facciale',NULL),(865,9,NULL,'2026-01-09','07:48:00','13:23:00','presente','facciale',NULL),(866,9,NULL,'2026-01-12','08:05:00','13:27:00','presente','facciale',NULL),(867,9,NULL,'2026-01-13','07:56:00','13:20:00','presente','facciale',NULL),(868,9,NULL,'2026-01-14','08:04:00','13:22:00','presente','manuale',NULL),(869,9,NULL,'2026-01-15',NULL,NULL,'assente','facciale',NULL),(870,9,NULL,'2026-01-16','08:03:00','13:17:00','presente','manuale',NULL),(871,9,NULL,'2026-01-19','07:59:00','13:13:00','presente','facciale',NULL),(872,9,NULL,'2026-01-20',NULL,NULL,'assente','facciale',NULL),(873,9,NULL,'2026-01-21','09:20:00','13:30:00','ritardo','facciale',NULL),(874,9,NULL,'2026-01-22','07:50:00','11:59:00','uscita_anticipata','manuale',NULL),(875,9,NULL,'2026-01-23',NULL,NULL,'assente','facciale',NULL),(876,9,NULL,'2026-01-26',NULL,NULL,'assente','facciale',NULL),(877,9,NULL,'2026-01-27','07:59:00','13:28:00','presente','facciale',NULL),(878,9,NULL,'2026-01-28','07:48:00','13:17:00','presente','facciale',NULL),(879,9,NULL,'2026-01-29','07:48:00','13:15:00','presente','manuale',NULL),(880,9,NULL,'2026-01-30','08:04:00','13:22:00','presente','facciale',NULL),(881,9,NULL,'2026-02-02','07:58:00','13:17:00','presente','facciale',NULL),(882,9,NULL,'2026-02-03','08:07:00','13:10:00','presente','facciale',NULL),(883,9,NULL,'2026-02-04','08:10:00','13:24:00','presente','facciale',NULL),(884,9,NULL,'2026-02-05',NULL,NULL,'assente','facciale',NULL),(885,9,NULL,'2026-02-06','07:58:00','13:26:00','presente','facciale',NULL),(886,9,NULL,'2026-02-09','07:56:00','13:16:00','presente','manuale',NULL),(887,9,NULL,'2026-02-10',NULL,NULL,'assente','facciale',NULL),(888,9,NULL,'2026-02-11','08:00:00','11:01:00','uscita_anticipata','facciale',NULL),(889,9,NULL,'2026-02-12','09:23:00','13:16:00','ritardo','manuale',NULL),(890,9,NULL,'2026-02-13','07:55:00','13:13:00','presente','facciale',NULL),(891,9,NULL,'2026-02-18','08:05:00','13:11:00','presente','facciale',NULL),(892,9,NULL,'2026-02-19','07:59:00','13:27:00','presente','facciale',NULL),(893,9,NULL,'2026-02-20','07:57:00','13:17:00','presente','facciale',NULL),(894,9,NULL,'2026-02-23','08:05:00','13:15:00','presente','facciale',NULL),(895,9,NULL,'2026-02-24','08:06:00','13:27:00','presente','facciale',NULL),(896,9,NULL,'2026-02-25',NULL,NULL,'assente','facciale',NULL),(897,9,NULL,'2026-02-26','09:24:00','13:26:00','ritardo','manuale',NULL),(898,9,NULL,'2026-02-27',NULL,NULL,'assente','facciale',NULL),(899,9,NULL,'2026-03-02','08:12:00','13:18:00','presente','manuale',NULL),(900,9,NULL,'2026-03-03','07:55:00','13:28:00','presente','facciale',NULL),(901,9,NULL,'2026-03-04','08:08:00','13:24:00','presente','manuale',NULL),(902,9,NULL,'2026-03-05','07:46:00','13:26:00','presente','facciale',NULL),(903,9,NULL,'2026-03-06',NULL,NULL,'assente','facciale',NULL),(904,9,NULL,'2026-03-09','07:56:00','13:22:00','presente','facciale',NULL),(905,9,NULL,'2026-03-10',NULL,NULL,'assente','facciale',NULL),(906,9,NULL,'2026-03-11',NULL,NULL,'assente','facciale',NULL),(907,9,NULL,'2026-03-12','08:11:00','13:25:00','presente','facciale',NULL),(908,9,NULL,'2026-03-13','08:08:00','13:24:00','presente','facciale',NULL),(909,9,NULL,'2026-03-16','08:00:00','13:10:00','presente','facciale',NULL),(910,9,NULL,'2026-03-17','07:46:00','11:31:00','uscita_anticipata','facciale',NULL),(911,9,NULL,'2026-03-18','08:12:00','11:12:00','uscita_anticipata','facciale',NULL),(912,9,NULL,'2026-03-19','07:53:00','13:11:00','presente','facciale',NULL),(913,9,NULL,'2026-03-20','07:56:00','13:20:00','presente','facciale',NULL),(914,9,NULL,'2026-03-23','08:13:00','13:16:00','presente','facciale',NULL),(915,9,NULL,'2026-03-24','07:54:00','13:24:00','presente','facciale',NULL),(916,9,NULL,'2026-03-25','08:14:00','13:22:00','presente','facciale',NULL),(917,9,NULL,'2026-03-26','08:10:00','13:27:00','presente','facciale',NULL),(918,9,NULL,'2026-03-27','08:07:00','13:25:00','presente','facciale',NULL),(919,9,NULL,'2026-03-30','07:52:00','13:13:00','presente','facciale',NULL),(920,9,NULL,'2026-03-31','08:27:00','13:22:00','ritardo','facciale',NULL),(921,9,NULL,'2026-04-01','07:51:00','13:19:00','presente','facciale',NULL),(922,9,NULL,'2026-04-08','08:03:00','13:12:00','presente','facciale',NULL),(923,9,NULL,'2026-04-09','07:47:00','13:17:00','presente','facciale',NULL),(924,9,NULL,'2026-04-10',NULL,NULL,'assente','facciale',NULL),(925,9,NULL,'2026-04-13','07:49:00','13:20:00','presente','facciale',NULL),(926,9,NULL,'2026-04-14',NULL,NULL,'assente','facciale',NULL),(927,9,NULL,'2026-04-15','07:56:00','13:12:00','presente','facciale',NULL),(928,9,NULL,'2026-04-16','08:12:00','13:22:00','presente','facciale',NULL),(929,9,NULL,'2026-04-17','08:07:00','13:28:00','presente','facciale',NULL),(930,9,NULL,'2026-04-20','08:11:00','13:21:00','presente','facciale',NULL),(931,9,NULL,'2026-04-21',NULL,NULL,'assente','facciale',NULL),(932,9,NULL,'2026-04-22','09:03:00','13:29:00','ritardo','manuale',NULL),(933,9,NULL,'2026-04-23','08:01:00','13:13:00','presente','facciale',NULL),(934,9,NULL,'2026-04-24','08:03:00','13:20:00','presente','facciale',NULL),(935,9,NULL,'2026-04-27','07:45:00','13:20:00','presente','manuale',NULL),(936,9,NULL,'2026-04-28','07:49:00','11:17:00','uscita_anticipata','facciale',NULL),(937,9,NULL,'2026-04-29','07:53:00','13:24:00','presente','facciale',NULL),(938,9,NULL,'2026-04-30','08:07:00','11:46:00','uscita_anticipata','facciale',NULL),(939,9,NULL,'2026-05-04','09:22:00','13:10:00','ritardo','facciale',NULL),(940,9,NULL,'2026-05-05','07:56:00','13:18:00','presente','facciale',NULL),(941,9,NULL,'2026-05-06','07:59:00','13:12:00','presente','facciale',NULL),(942,9,NULL,'2026-05-07','08:04:00','11:04:00','uscita_anticipata','facciale',NULL),(943,9,NULL,'2026-05-08',NULL,NULL,'assente','facciale',NULL),(944,9,NULL,'2026-05-11',NULL,NULL,'assente','facciale',NULL),(945,9,NULL,'2026-05-12','08:03:00','13:29:00','presente','manuale',NULL),(946,9,NULL,'2026-05-13','08:03:00','13:24:00','presente','manuale',NULL),(947,9,NULL,'2026-05-14','07:59:00','13:19:00','presente','facciale',NULL),(948,9,NULL,'2026-05-15','07:52:00','13:21:00','presente','facciale',NULL),(949,9,NULL,'2026-05-18','07:53:00','13:26:00','presente','facciale',NULL),(950,10,NULL,'2025-09-15','07:49:00','11:18:00','uscita_anticipata','facciale',NULL),(951,10,NULL,'2025-09-16','08:04:00','13:14:00','presente','manuale',NULL),(952,10,NULL,'2025-09-17','07:50:00','13:14:00','presente','facciale',NULL),(953,10,NULL,'2025-09-18','08:13:00','13:28:00','presente','facciale',NULL),(954,10,NULL,'2025-09-19','07:58:00','13:23:00','presente','facciale',NULL),(955,10,NULL,'2025-09-22','07:48:00','13:20:00','presente','facciale',NULL),(956,10,NULL,'2025-09-23','08:02:00','13:11:00','presente','facciale',NULL),(957,10,NULL,'2025-09-24','07:55:00','13:11:00','presente','facciale',NULL),(958,10,NULL,'2025-09-25','07:57:00','13:21:00','presente','facciale',NULL),(959,10,NULL,'2025-09-26','07:50:00','13:26:00','presente','manuale',NULL),(960,10,NULL,'2025-09-29','07:46:00','13:15:00','presente','manuale',NULL),(961,10,NULL,'2025-09-30','07:50:00','13:10:00','presente','manuale',NULL),(962,10,NULL,'2025-10-01',NULL,NULL,'assente','facciale',NULL),(963,10,NULL,'2025-10-02','07:57:00','13:13:00','presente','facciale',NULL),(964,10,NULL,'2025-10-03','09:30:00','13:29:00','ritardo','manuale',NULL),(965,10,NULL,'2025-10-06','08:10:00','13:16:00','presente','facciale',NULL),(966,10,NULL,'2025-10-07','08:06:00','13:25:00','presente','manuale',NULL),(967,10,NULL,'2025-10-08','07:49:00','13:27:00','presente','facciale',NULL),(968,10,NULL,'2025-10-09','07:48:00','13:13:00','presente','facciale',NULL),(969,10,NULL,'2025-10-10','08:11:00','13:24:00','presente','manuale',NULL),(970,10,NULL,'2025-10-13','08:13:00','13:28:00','presente','facciale',NULL),(971,10,NULL,'2025-10-14','08:08:00','11:41:00','uscita_anticipata','facciale',NULL),(972,10,NULL,'2025-10-15','07:59:00','13:30:00','presente','facciale',NULL),(973,10,NULL,'2025-10-16','07:51:00','13:27:00','presente','facciale',NULL),(974,10,NULL,'2025-10-17','08:49:00','13:22:00','ritardo','facciale',NULL),(975,10,NULL,'2025-10-20','07:52:00','13:29:00','presente','facciale',NULL),(976,10,NULL,'2025-10-21','07:49:00','13:26:00','presente','facciale',NULL),(977,10,NULL,'2025-10-22',NULL,NULL,'assente','facciale',NULL),(978,10,NULL,'2025-10-23','08:03:00','13:29:00','presente','facciale',NULL),(979,10,NULL,'2025-10-24','08:13:00','13:28:00','presente','manuale',NULL),(980,10,NULL,'2025-10-27','08:14:00','13:25:00','presente','facciale',NULL),(981,10,NULL,'2025-10-28','08:11:00','13:25:00','presente','facciale',NULL),(982,10,NULL,'2025-10-29','08:10:00','13:29:00','presente','facciale',NULL),(983,10,NULL,'2025-10-30','08:13:00','13:19:00','presente','manuale',NULL),(984,10,NULL,'2025-10-31','08:06:00','13:30:00','presente','facciale',NULL),(985,10,NULL,'2025-11-03','07:56:00','13:26:00','presente','facciale',NULL),(986,10,NULL,'2025-11-04',NULL,NULL,'assente','facciale',NULL),(987,10,NULL,'2025-11-05',NULL,NULL,'assente','facciale',NULL),(988,10,NULL,'2025-11-06','08:03:00','13:29:00','presente','facciale',NULL),(989,10,NULL,'2025-11-07','07:50:00','13:28:00','presente','facciale',NULL),(990,10,NULL,'2025-11-10','08:06:00','13:14:00','presente','facciale',NULL),(991,10,NULL,'2025-11-11','08:11:00','13:21:00','presente','manuale',NULL),(992,10,NULL,'2025-11-12','08:07:00','13:29:00','presente','manuale',NULL),(993,10,NULL,'2025-11-13','07:59:00','13:20:00','presente','facciale',NULL),(994,10,NULL,'2025-11-14',NULL,NULL,'assente','facciale',NULL),(995,10,NULL,'2025-11-17','07:59:00','13:19:00','presente','manuale',NULL),(996,10,NULL,'2025-11-18','07:48:00','13:18:00','presente','facciale',NULL),(997,10,NULL,'2025-11-19','08:02:00','13:27:00','presente','manuale',NULL),(998,10,NULL,'2025-11-20','07:56:00','13:22:00','presente','facciale',NULL),(999,10,NULL,'2025-11-21','08:00:00','13:20:00','presente','facciale',NULL),(1000,10,NULL,'2025-11-24','08:00:00','13:25:00','presente','facciale',NULL),(1001,10,NULL,'2025-11-25','07:58:00','13:21:00','presente','facciale',NULL),(1002,10,NULL,'2025-11-26','08:12:00','13:22:00','presente','manuale',NULL),(1003,10,NULL,'2025-11-27','07:52:00','13:16:00','presente','facciale',NULL),(1004,10,NULL,'2025-11-28','09:13:00','13:15:00','ritardo','facciale',NULL),(1005,10,NULL,'2025-12-01','08:08:00','13:24:00','presente','facciale',NULL),(1006,10,NULL,'2025-12-02',NULL,NULL,'assente','facciale',NULL),(1007,10,NULL,'2025-12-03','07:50:00','13:18:00','presente','facciale',NULL),(1008,10,NULL,'2025-12-04',NULL,NULL,'assente','facciale',NULL),(1009,10,NULL,'2025-12-05',NULL,NULL,'assente','facciale',NULL),(1010,10,NULL,'2025-12-09',NULL,NULL,'assente','facciale',NULL),(1011,10,NULL,'2025-12-10','08:45:00','13:18:00','ritardo','facciale',NULL),(1012,10,NULL,'2025-12-11','07:50:00','13:29:00','presente','facciale',NULL),(1013,10,NULL,'2025-12-12',NULL,NULL,'assente','facciale',NULL),(1014,10,NULL,'2025-12-15','07:52:00','13:13:00','presente','facciale',NULL),(1015,10,NULL,'2025-12-16','08:51:00','13:15:00','ritardo','facciale',NULL),(1016,10,NULL,'2025-12-17','07:52:00','13:26:00','presente','facciale',NULL),(1017,10,NULL,'2025-12-18','07:53:00','13:15:00','presente','manuale',NULL),(1018,10,NULL,'2025-12-19','07:46:00','13:26:00','presente','manuale',NULL),(1019,10,NULL,'2026-01-07','07:48:00','13:10:00','presente','facciale',NULL),(1020,10,NULL,'2026-01-08',NULL,NULL,'assente','facciale',NULL),(1021,10,NULL,'2026-01-09','08:11:00','13:30:00','presente','facciale',NULL),(1022,10,NULL,'2026-01-12','08:01:00','13:10:00','presente','facciale',NULL),(1023,10,NULL,'2026-01-13',NULL,NULL,'assente','facciale',NULL),(1024,10,NULL,'2026-01-14','08:12:00','13:21:00','presente','facciale',NULL),(1025,10,NULL,'2026-01-15','08:08:00','13:28:00','presente','facciale',NULL),(1026,10,NULL,'2026-01-16','08:02:00','13:15:00','presente','facciale',NULL),(1027,10,NULL,'2026-01-19','07:52:00','13:13:00','presente','facciale',NULL),(1028,10,NULL,'2026-01-20','08:07:00','13:24:00','presente','manuale',NULL),(1029,10,NULL,'2026-01-21','07:59:00','13:27:00','presente','facciale',NULL),(1030,10,NULL,'2026-01-22','07:56:00','13:11:00','presente','manuale',NULL),(1031,10,NULL,'2026-01-23',NULL,NULL,'assente','facciale',NULL),(1032,10,NULL,'2026-01-26','08:09:00','13:24:00','presente','facciale',NULL),(1033,10,NULL,'2026-01-27','08:10:00','13:29:00','presente','manuale',NULL),(1034,10,NULL,'2026-01-28','07:49:00','13:29:00','presente','manuale',NULL),(1035,10,NULL,'2026-01-29','07:50:00','13:17:00','presente','manuale',NULL),(1036,10,NULL,'2026-01-30','08:02:00','13:21:00','presente','facciale',NULL),(1037,10,NULL,'2026-02-02','07:48:00','13:17:00','presente','facciale',NULL),(1038,10,NULL,'2026-02-03','08:13:00','13:21:00','presente','facciale',NULL),(1039,10,NULL,'2026-02-04','07:55:00','13:27:00','presente','facciale',NULL),(1040,10,NULL,'2026-02-05','08:05:00','13:18:00','presente','facciale',NULL),(1041,10,NULL,'2026-02-06','07:57:00','13:21:00','presente','facciale',NULL),(1042,10,NULL,'2026-02-09','07:48:00','13:30:00','presente','facciale',NULL),(1043,10,NULL,'2026-02-10','07:51:00','13:16:00','presente','facciale',NULL),(1044,10,NULL,'2026-02-11','07:46:00','13:23:00','presente','facciale',NULL),(1045,10,NULL,'2026-02-12','07:53:00','13:28:00','presente','manuale',NULL),(1046,10,NULL,'2026-02-13',NULL,NULL,'assente','facciale',NULL),(1047,10,NULL,'2026-02-18','07:59:00','13:14:00','presente','manuale',NULL),(1048,10,NULL,'2026-02-19','07:46:00','13:10:00','presente','facciale',NULL),(1049,10,NULL,'2026-02-20','08:00:00','13:10:00','presente','manuale',NULL),(1050,10,NULL,'2026-02-23','07:55:00','13:18:00','presente','facciale',NULL),(1051,10,NULL,'2026-02-24','08:13:00','13:26:00','presente','manuale',NULL),(1052,10,NULL,'2026-02-25','08:04:00','13:28:00','presente','facciale',NULL),(1053,10,NULL,'2026-02-26','07:53:00','13:11:00','presente','manuale',NULL),(1054,10,NULL,'2026-02-27','07:52:00','13:25:00','presente','manuale',NULL),(1055,10,NULL,'2026-03-02','08:05:00','13:20:00','presente','facciale',NULL),(1056,10,NULL,'2026-03-03','07:53:00','13:29:00','presente','facciale',NULL),(1057,10,NULL,'2026-03-04','07:51:00','13:29:00','presente','facciale',NULL),(1058,10,NULL,'2026-03-05','08:30:00','13:16:00','ritardo','facciale',NULL),(1059,10,NULL,'2026-03-06','07:55:00','13:24:00','presente','facciale',NULL),(1060,10,NULL,'2026-03-09','07:51:00','13:17:00','presente','facciale',NULL),(1061,10,NULL,'2026-03-10','07:52:00','13:30:00','presente','facciale',NULL),(1062,10,NULL,'2026-03-11','07:49:00','13:19:00','presente','facciale',NULL),(1063,10,NULL,'2026-03-12','08:01:00','13:15:00','presente','facciale',NULL),(1064,10,NULL,'2026-03-13','08:29:00','13:18:00','ritardo','facciale',NULL),(1065,10,NULL,'2026-03-16','07:56:00','13:30:00','presente','facciale',NULL),(1066,10,NULL,'2026-03-17','08:04:00','13:24:00','presente','facciale',NULL),(1067,10,NULL,'2026-03-18','07:54:00','13:11:00','presente','facciale',NULL),(1068,10,NULL,'2026-03-19','08:12:00','13:10:00','presente','manuale',NULL),(1069,10,NULL,'2026-03-20','07:54:00','13:30:00','presente','facciale',NULL),(1070,10,NULL,'2026-03-23','07:54:00','13:24:00','presente','facciale',NULL),(1071,10,NULL,'2026-03-24','08:10:00','13:11:00','presente','facciale',NULL),(1072,10,NULL,'2026-03-25',NULL,NULL,'assente','facciale',NULL),(1073,10,NULL,'2026-03-26','08:00:00','13:13:00','presente','facciale',NULL),(1074,10,NULL,'2026-03-27','07:46:00','13:15:00','presente','facciale',NULL),(1075,10,NULL,'2026-03-30','08:04:00','13:29:00','presente','facciale',NULL),(1076,10,NULL,'2026-03-31','08:02:00','13:17:00','presente','facciale',NULL),(1077,10,NULL,'2026-04-01','07:54:00','13:17:00','presente','facciale',NULL),(1078,10,NULL,'2026-04-08','08:00:00','13:21:00','presente','facciale',NULL),(1079,10,NULL,'2026-04-09','07:52:00','11:25:00','uscita_anticipata','facciale',NULL),(1080,10,NULL,'2026-04-10','08:02:00','13:27:00','presente','manuale',NULL),(1081,10,NULL,'2026-04-13','07:48:00','13:22:00','presente','manuale',NULL),(1082,10,NULL,'2026-04-14','07:55:00','13:22:00','presente','facciale',NULL),(1083,10,NULL,'2026-04-15','07:55:00','13:19:00','presente','facciale',NULL),(1084,10,NULL,'2026-04-16','08:09:00','13:15:00','presente','facciale',NULL),(1085,10,NULL,'2026-04-17','07:46:00','13:17:00','presente','manuale',NULL),(1086,10,NULL,'2026-04-20','07:56:00','13:27:00','presente','facciale',NULL),(1087,10,NULL,'2026-04-21','08:01:00','11:43:00','uscita_anticipata','facciale',NULL),(1088,10,NULL,'2026-04-22','08:11:00','13:18:00','presente','facciale',NULL),(1089,10,NULL,'2026-04-23','07:55:00','13:30:00','presente','facciale',NULL),(1090,10,NULL,'2026-04-24','07:59:00','13:27:00','presente','facciale',NULL),(1091,10,NULL,'2026-04-27','08:05:00','13:25:00','presente','facciale',NULL),(1092,10,NULL,'2026-04-28','08:14:00','13:24:00','presente','manuale',NULL),(1093,10,NULL,'2026-04-29','08:12:00','13:19:00','presente','facciale',NULL),(1094,10,NULL,'2026-04-30',NULL,NULL,'assente','facciale',NULL),(1095,10,NULL,'2026-05-04','07:55:00','11:42:00','uscita_anticipata','facciale',NULL),(1096,10,NULL,'2026-05-05','08:03:00','13:19:00','presente','facciale',NULL),(1097,10,NULL,'2026-05-06','07:52:00','13:25:00','presente','facciale',NULL),(1098,10,NULL,'2026-05-07',NULL,NULL,'assente','facciale',NULL),(1099,10,NULL,'2026-05-08','08:07:00','13:17:00','presente','manuale',NULL),(1100,10,NULL,'2026-05-11','08:05:00','13:10:00','presente','manuale',NULL),(1101,10,NULL,'2026-05-12','07:51:00','13:10:00','presente','facciale',NULL),(1102,10,NULL,'2026-05-13','08:03:00','13:25:00','presente','facciale',NULL),(1103,10,NULL,'2026-05-14','07:54:00','13:20:00','presente','manuale',NULL),(1104,10,NULL,'2026-05-15','07:56:00','13:26:00','presente','facciale',NULL),(1105,10,NULL,'2026-05-18','08:07:00','13:28:00','presente','facciale',NULL),(1106,11,NULL,'2025-09-15','07:49:00','13:21:00','presente','manuale',NULL),(1107,11,NULL,'2025-09-16','07:47:00','13:28:00','presente','facciale',NULL),(1108,11,NULL,'2025-09-17','07:51:00','13:14:00','presente','facciale',NULL),(1109,11,NULL,'2025-09-18','09:24:00','13:18:00','ritardo','facciale',NULL),(1110,11,NULL,'2025-09-19','08:07:00','13:17:00','presente','facciale',NULL),(1111,11,NULL,'2025-09-22','07:56:00','13:28:00','presente','manuale',NULL),(1112,11,NULL,'2025-09-23','07:55:00','13:22:00','presente','facciale',NULL),(1113,11,NULL,'2025-09-24','08:11:00','11:02:00','uscita_anticipata','manuale',NULL),(1114,11,NULL,'2025-09-25',NULL,NULL,'assente','facciale',NULL),(1115,11,NULL,'2025-09-26','07:58:00','13:18:00','presente','facciale',NULL),(1116,11,NULL,'2025-09-29','07:53:00','13:29:00','presente','facciale',NULL),(1117,11,NULL,'2025-09-30',NULL,NULL,'assente','facciale',NULL),(1118,11,NULL,'2025-10-01','08:05:00','13:17:00','presente','manuale',NULL),(1119,11,NULL,'2025-10-02','07:53:00','13:11:00','presente','facciale',NULL),(1120,11,NULL,'2025-10-03','07:57:00','13:25:00','presente','manuale',NULL),(1121,11,NULL,'2025-10-06','08:04:00','13:12:00','presente','facciale',NULL),(1122,11,NULL,'2025-10-07','08:14:00','13:16:00','presente','facciale',NULL),(1123,11,NULL,'2025-10-08','08:27:00','13:19:00','ritardo','facciale',NULL),(1124,11,NULL,'2025-10-09',NULL,NULL,'assente','facciale',NULL),(1125,11,NULL,'2025-10-10','08:13:00','13:12:00','presente','facciale',NULL),(1126,11,NULL,'2025-10-13',NULL,NULL,'assente','facciale',NULL),(1127,11,NULL,'2025-10-14','07:47:00','13:22:00','presente','facciale',NULL),(1128,11,NULL,'2025-10-15','07:49:00','13:11:00','presente','facciale',NULL),(1129,11,NULL,'2025-10-16','08:10:00','13:30:00','presente','facciale',NULL),(1130,11,NULL,'2025-10-17','08:04:00','13:18:00','presente','facciale',NULL),(1131,11,NULL,'2025-10-20','08:12:00','13:28:00','presente','manuale',NULL),(1132,11,NULL,'2025-10-21','07:58:00','13:19:00','presente','facciale',NULL),(1133,11,NULL,'2025-10-22','08:04:00','13:24:00','presente','facciale',NULL),(1134,11,NULL,'2025-10-23','07:56:00','13:30:00','presente','facciale',NULL),(1135,11,NULL,'2025-10-24','07:51:00','13:28:00','presente','manuale',NULL),(1136,11,NULL,'2025-10-27','07:46:00','13:15:00','presente','facciale',NULL),(1137,11,NULL,'2025-10-28','07:55:00','13:10:00','presente','manuale',NULL),(1138,11,NULL,'2025-10-29','07:59:00','13:23:00','presente','facciale',NULL),(1139,11,NULL,'2025-10-30','07:54:00','13:22:00','presente','facciale',NULL),(1140,11,NULL,'2025-10-31','07:50:00','13:16:00','presente','facciale',NULL),(1141,11,NULL,'2025-11-03','08:14:00','13:21:00','presente','facciale',NULL),(1142,11,NULL,'2025-11-04',NULL,NULL,'assente','facciale',NULL),(1143,11,NULL,'2025-11-05','07:52:00','13:26:00','presente','facciale',NULL),(1144,11,NULL,'2025-11-06','07:48:00','13:22:00','presente','facciale',NULL),(1145,11,NULL,'2025-11-07','08:10:00','13:22:00','presente','manuale',NULL),(1146,11,NULL,'2025-11-10','08:09:00','13:27:00','presente','manuale',NULL),(1147,11,NULL,'2025-11-11',NULL,NULL,'assente','facciale',NULL),(1148,11,NULL,'2025-11-12','07:47:00','13:23:00','presente','facciale',NULL),(1149,11,NULL,'2025-11-13','08:08:00','13:23:00','presente','manuale',NULL),(1150,11,NULL,'2025-11-14','09:14:00','13:17:00','ritardo','facciale',NULL),(1151,11,NULL,'2025-11-17','07:54:00','13:26:00','presente','facciale',NULL),(1152,11,NULL,'2025-11-18','09:06:00','13:28:00','ritardo','facciale',NULL),(1153,11,NULL,'2025-11-19','07:46:00','13:18:00','presente','manuale',NULL),(1154,11,NULL,'2025-11-20','07:55:00','13:24:00','presente','manuale',NULL),(1155,11,NULL,'2025-11-21','08:44:00','13:22:00','ritardo','facciale',NULL),(1156,11,NULL,'2025-11-24','08:04:00','13:14:00','presente','facciale',NULL),(1157,11,NULL,'2025-11-25',NULL,NULL,'assente','facciale',NULL),(1158,11,NULL,'2025-11-26','07:59:00','13:10:00','presente','facciale',NULL),(1159,11,NULL,'2025-11-27','08:06:00','11:47:00','uscita_anticipata','facciale',NULL),(1160,11,NULL,'2025-11-28','08:05:00','13:16:00','presente','facciale',NULL),(1161,11,NULL,'2025-12-01',NULL,NULL,'assente','facciale',NULL),(1162,11,NULL,'2025-12-02','07:45:00','13:17:00','presente','facciale',NULL),(1163,11,NULL,'2025-12-03','08:03:00','13:25:00','presente','facciale',NULL),(1164,11,NULL,'2025-12-04','07:53:00','13:13:00','presente','facciale',NULL),(1165,11,NULL,'2025-12-05','08:03:00','13:30:00','presente','facciale',NULL),(1166,11,NULL,'2025-12-09',NULL,NULL,'assente','facciale',NULL),(1167,11,NULL,'2025-12-10','08:04:00','13:21:00','presente','manuale',NULL),(1168,11,NULL,'2025-12-11','07:48:00','13:28:00','presente','facciale',NULL),(1169,11,NULL,'2025-12-12','07:55:00','13:29:00','presente','manuale',NULL),(1170,11,NULL,'2025-12-15','08:03:00','13:17:00','presente','facciale',NULL),(1171,11,NULL,'2025-12-16',NULL,NULL,'assente','facciale',NULL),(1172,11,NULL,'2025-12-17','07:48:00','13:30:00','presente','facciale',NULL),(1173,11,NULL,'2025-12-18','07:47:00','13:16:00','presente','manuale',NULL),(1174,11,NULL,'2025-12-19','08:12:00','13:23:00','presente','facciale',NULL),(1175,11,NULL,'2026-01-07','07:47:00','11:44:00','uscita_anticipata','manuale',NULL),(1176,11,NULL,'2026-01-08','08:07:00','13:16:00','presente','facciale',NULL),(1177,11,NULL,'2026-01-09','07:46:00','13:26:00','presente','facciale',NULL),(1178,11,NULL,'2026-01-12',NULL,NULL,'assente','facciale',NULL),(1179,11,NULL,'2026-01-13','07:52:00','13:20:00','presente','manuale',NULL),(1180,11,NULL,'2026-01-14','08:07:00','13:24:00','presente','facciale',NULL),(1181,11,NULL,'2026-01-15','07:46:00','11:30:00','uscita_anticipata','facciale',NULL),(1182,11,NULL,'2026-01-16','07:46:00','13:16:00','presente','facciale',NULL),(1183,11,NULL,'2026-01-19','07:49:00','13:30:00','presente','facciale',NULL),(1184,11,NULL,'2026-01-20',NULL,NULL,'assente','facciale',NULL),(1185,11,NULL,'2026-01-21','08:08:00','13:11:00','presente','facciale',NULL),(1186,11,NULL,'2026-01-22','07:52:00','13:12:00','presente','manuale',NULL),(1187,11,NULL,'2026-01-23','08:00:00','13:29:00','presente','manuale',NULL),(1188,11,NULL,'2026-01-26','07:49:00','11:05:00','uscita_anticipata','facciale',NULL),(1189,11,NULL,'2026-01-27','08:09:00','13:23:00','presente','manuale',NULL),(1190,11,NULL,'2026-01-28','07:59:00','13:21:00','presente','facciale',NULL),(1191,11,NULL,'2026-01-29','08:16:00','13:27:00','ritardo','facciale',NULL),(1192,11,NULL,'2026-01-30',NULL,NULL,'assente','facciale',NULL),(1193,11,NULL,'2026-02-02','07:49:00','13:11:00','presente','facciale',NULL),(1194,11,NULL,'2026-02-03',NULL,NULL,'assente','facciale',NULL),(1195,11,NULL,'2026-02-04','07:53:00','13:13:00','presente','facciale',NULL),(1196,11,NULL,'2026-02-05','08:14:00','13:28:00','presente','facciale',NULL),(1197,11,NULL,'2026-02-06','08:02:00','13:17:00','presente','facciale',NULL),(1198,11,NULL,'2026-02-09','08:08:00','13:10:00','presente','facciale',NULL),(1199,11,NULL,'2026-02-10',NULL,NULL,'assente','facciale',NULL),(1200,11,NULL,'2026-02-11','07:47:00','13:16:00','presente','manuale',NULL),(1201,11,NULL,'2026-02-12','07:50:00','13:18:00','presente','facciale',NULL),(1202,11,NULL,'2026-02-13','08:05:00','13:23:00','presente','facciale',NULL),(1203,11,NULL,'2026-02-18','07:55:00','13:12:00','presente','manuale',NULL),(1204,11,NULL,'2026-02-19','08:02:00','13:28:00','presente','facciale',NULL),(1205,11,NULL,'2026-02-20',NULL,NULL,'assente','facciale',NULL),(1206,11,NULL,'2026-02-23','07:55:00','13:21:00','presente','facciale',NULL),(1207,11,NULL,'2026-02-24','07:48:00','13:14:00','presente','facciale',NULL),(1208,11,NULL,'2026-02-25','08:05:00','13:11:00','presente','manuale',NULL),(1209,11,NULL,'2026-02-26','08:05:00','13:17:00','presente','manuale',NULL),(1210,11,NULL,'2026-02-27','07:49:00','13:18:00','presente','facciale',NULL),(1211,11,NULL,'2026-03-02','07:57:00','13:24:00','presente','facciale',NULL),(1212,11,NULL,'2026-03-03','08:02:00','13:17:00','presente','facciale',NULL),(1213,11,NULL,'2026-03-04','07:56:00','13:30:00','presente','facciale',NULL),(1214,11,NULL,'2026-03-05','07:59:00','13:10:00','presente','facciale',NULL),(1215,11,NULL,'2026-03-06','08:06:00','13:13:00','presente','facciale',NULL),(1216,11,NULL,'2026-03-09','08:00:00','13:18:00','presente','manuale',NULL),(1217,11,NULL,'2026-03-10','07:49:00','11:10:00','uscita_anticipata','facciale',NULL),(1218,11,NULL,'2026-03-11','07:58:00','13:28:00','presente','facciale',NULL),(1219,11,NULL,'2026-03-12','07:47:00','13:22:00','presente','facciale',NULL),(1220,11,NULL,'2026-03-13',NULL,NULL,'assente','facciale',NULL),(1221,11,NULL,'2026-03-16','08:09:00','13:29:00','presente','facciale',NULL),(1222,11,NULL,'2026-03-17','07:54:00','13:21:00','presente','facciale',NULL),(1223,11,NULL,'2026-03-18',NULL,NULL,'assente','facciale',NULL),(1224,11,NULL,'2026-03-19','08:11:00','13:19:00','presente','facciale',NULL),(1225,11,NULL,'2026-03-20','07:56:00','13:23:00','presente','manuale',NULL),(1226,11,NULL,'2026-03-23','08:08:00','13:20:00','presente','facciale',NULL),(1227,11,NULL,'2026-03-24','08:05:00','13:26:00','presente','facciale',NULL),(1228,11,NULL,'2026-03-25','07:58:00','13:25:00','presente','facciale',NULL),(1229,11,NULL,'2026-03-26','08:00:00','13:25:00','presente','manuale',NULL),(1230,11,NULL,'2026-03-27','08:11:00','13:11:00','presente','facciale',NULL),(1231,11,NULL,'2026-03-30','07:46:00','11:26:00','uscita_anticipata','facciale',NULL),(1232,11,NULL,'2026-03-31','08:01:00','13:22:00','presente','facciale',NULL),(1233,11,NULL,'2026-04-01','08:06:00','13:18:00','presente','facciale',NULL),(1234,11,NULL,'2026-04-08','08:11:00','13:21:00','presente','facciale',NULL),(1235,11,NULL,'2026-04-09',NULL,NULL,'assente','facciale',NULL),(1236,11,NULL,'2026-04-10','08:14:00','13:30:00','presente','manuale',NULL),(1237,11,NULL,'2026-04-13','08:10:00','13:17:00','presente','facciale',NULL),(1238,11,NULL,'2026-04-14','08:11:00','13:19:00','presente','facciale',NULL),(1239,11,NULL,'2026-04-15',NULL,NULL,'assente','facciale',NULL),(1240,11,NULL,'2026-04-16','07:58:00','13:26:00','presente','facciale',NULL),(1241,11,NULL,'2026-04-17','08:05:00','13:16:00','presente','facciale',NULL),(1242,11,NULL,'2026-04-20','08:10:00','13:18:00','presente','facciale',NULL),(1243,11,NULL,'2026-04-21','08:12:00','13:29:00','presente','facciale',NULL),(1244,11,NULL,'2026-04-22','08:05:00','13:10:00','presente','facciale',NULL),(1245,11,NULL,'2026-04-23',NULL,NULL,'assente','facciale',NULL),(1246,11,NULL,'2026-04-24','08:12:00','13:23:00','presente','manuale',NULL),(1247,11,NULL,'2026-04-27','08:12:00','13:26:00','presente','facciale',NULL),(1248,11,NULL,'2026-04-28','08:13:00','13:28:00','presente','manuale',NULL),(1249,11,NULL,'2026-04-29','07:48:00','13:14:00','presente','manuale',NULL),(1250,11,NULL,'2026-04-30','07:58:00','13:24:00','presente','facciale',NULL),(1251,11,NULL,'2026-05-04','08:14:00','13:12:00','presente','facciale',NULL),(1252,11,NULL,'2026-05-05',NULL,NULL,'assente','facciale',NULL),(1253,11,NULL,'2026-05-06','07:55:00','13:10:00','presente','facciale',NULL),(1254,11,NULL,'2026-05-07','08:11:00','13:18:00','presente','facciale',NULL),(1255,11,NULL,'2026-05-08','07:56:00','13:19:00','presente','facciale',NULL),(1256,11,NULL,'2026-05-11','07:50:00','13:18:00','presente','facciale',NULL),(1257,11,NULL,'2026-05-12',NULL,NULL,'assente','facciale',NULL),(1258,11,NULL,'2026-05-13','08:37:00','13:14:00','ritardo','manuale',NULL),(1259,11,NULL,'2026-05-14',NULL,NULL,'assente','facciale',NULL),(1260,11,NULL,'2026-05-15','07:48:00','13:12:00','presente','facciale',NULL),(1261,11,NULL,'2026-05-18','07:49:00','13:21:00','presente','facciale',NULL),(1267,12,NULL,'2025-09-15','07:57:00','13:15:00','presente','facciale',NULL),(1268,12,NULL,'2025-09-16','08:01:00','13:14:00','presente','facciale',NULL),(1269,12,NULL,'2025-09-17','07:59:00','13:18:00','presente','facciale',NULL),(1270,12,NULL,'2025-09-18','08:40:00','13:11:00','ritardo','manuale',NULL),(1271,12,NULL,'2025-09-19','07:47:00','13:14:00','presente','facciale',NULL),(1272,12,NULL,'2025-09-22',NULL,NULL,'assente','facciale',NULL),(1273,12,NULL,'2025-09-23',NULL,NULL,'assente','facciale',NULL),(1274,12,NULL,'2025-09-24','08:08:00','13:28:00','presente','manuale',NULL),(1275,12,NULL,'2025-09-25','08:03:00','13:11:00','presente','facciale',NULL),(1276,12,NULL,'2025-09-26','09:19:00','13:26:00','ritardo','facciale',NULL),(1277,12,NULL,'2025-09-29','07:48:00','13:27:00','presente','facciale',NULL),(1278,12,NULL,'2025-09-30','08:02:00','13:10:00','presente','facciale',NULL),(1279,12,NULL,'2025-10-01','07:46:00','11:43:00','uscita_anticipata','manuale',NULL),(1280,12,NULL,'2025-10-02','08:12:00','13:28:00','presente','facciale',NULL),(1281,12,NULL,'2025-10-03','08:05:00','13:10:00','presente','facciale',NULL),(1282,12,NULL,'2025-10-06','07:55:00','13:28:00','presente','facciale',NULL),(1283,12,NULL,'2025-10-07','08:07:00','13:21:00','presente','facciale',NULL),(1284,12,NULL,'2025-10-08','09:09:00','13:26:00','ritardo','facciale',NULL),(1285,12,NULL,'2025-10-09','07:50:00','13:21:00','presente','facciale',NULL),(1286,12,NULL,'2025-10-10','08:09:00','13:19:00','presente','facciale',NULL),(1287,12,NULL,'2025-10-13','08:04:00','13:15:00','presente','facciale',NULL),(1288,12,NULL,'2025-10-14',NULL,NULL,'assente','facciale',NULL),(1289,12,NULL,'2025-10-15','07:51:00','13:28:00','presente','facciale',NULL),(1290,12,NULL,'2025-10-16','07:48:00','13:26:00','presente','facciale',NULL),(1291,12,NULL,'2025-10-17','07:48:00','13:14:00','presente','facciale',NULL),(1292,12,NULL,'2025-10-20','08:09:00','13:14:00','presente','facciale',NULL),(1293,12,NULL,'2025-10-21','07:53:00','13:22:00','presente','facciale',NULL),(1294,12,NULL,'2025-10-22',NULL,NULL,'assente','facciale',NULL),(1295,12,NULL,'2025-10-23','07:46:00','11:24:00','uscita_anticipata','manuale',NULL),(1296,12,NULL,'2025-10-24','07:46:00','13:12:00','presente','facciale',NULL),(1297,12,NULL,'2025-10-27','08:11:00','13:24:00','presente','manuale',NULL),(1298,12,NULL,'2025-10-28','08:09:00','13:21:00','presente','facciale',NULL),(1299,12,NULL,'2025-10-29','08:02:00','13:21:00','presente','facciale',NULL),(1300,12,NULL,'2025-10-30','08:03:00','13:22:00','presente','manuale',NULL),(1301,12,NULL,'2025-10-31','08:03:00','13:28:00','presente','facciale',NULL),(1302,12,NULL,'2025-11-03',NULL,NULL,'assente','facciale',NULL),(1303,12,NULL,'2025-11-04','07:51:00','13:29:00','presente','facciale',NULL),(1304,12,NULL,'2025-11-05','08:14:00','13:18:00','presente','facciale',NULL),(1305,12,NULL,'2025-11-06','07:51:00','13:21:00','presente','facciale',NULL),(1306,12,NULL,'2025-11-07','08:14:00','13:20:00','presente','facciale',NULL),(1307,12,NULL,'2025-11-10','07:59:00','13:30:00','presente','manuale',NULL),(1308,12,NULL,'2025-11-11','08:09:00','13:24:00','presente','facciale',NULL),(1309,12,NULL,'2025-11-12','07:46:00','13:18:00','presente','facciale',NULL),(1310,12,NULL,'2025-11-13','07:52:00','13:20:00','presente','facciale',NULL),(1311,12,NULL,'2025-11-14',NULL,NULL,'assente','facciale',NULL),(1312,12,NULL,'2025-11-17','08:13:00','13:22:00','presente','facciale',NULL),(1313,12,NULL,'2025-11-18','07:47:00','13:21:00','presente','facciale',NULL),(1314,12,NULL,'2025-11-19','08:10:00','13:12:00','presente','facciale',NULL),(1315,12,NULL,'2025-11-20','07:51:00','13:13:00','presente','facciale',NULL),(1316,12,NULL,'2025-11-21','08:46:00','13:19:00','ritardo','facciale',NULL),(1317,12,NULL,'2025-11-24','07:52:00','13:28:00','presente','facciale',NULL),(1318,12,NULL,'2025-11-25','07:59:00','13:13:00','presente','facciale',NULL),(1319,12,NULL,'2025-11-26','07:57:00','13:15:00','presente','manuale',NULL),(1320,12,NULL,'2025-11-27','07:53:00','13:19:00','presente','manuale',NULL),(1321,12,NULL,'2025-11-28','07:46:00','13:27:00','presente','facciale',NULL),(1322,12,NULL,'2025-12-01','08:11:00','13:26:00','presente','facciale',NULL),(1323,12,NULL,'2025-12-02',NULL,NULL,'assente','facciale',NULL),(1324,12,NULL,'2025-12-03','08:09:00','13:13:00','presente','facciale',NULL),(1325,12,NULL,'2025-12-04','08:00:00','13:24:00','presente','facciale',NULL),(1326,12,NULL,'2025-12-05','07:50:00','13:30:00','presente','facciale',NULL),(1327,12,NULL,'2025-12-09','07:51:00','13:14:00','presente','facciale',NULL),(1328,12,NULL,'2025-12-10','08:11:00','13:26:00','presente','facciale',NULL),(1329,12,NULL,'2025-12-11','07:46:00','13:30:00','presente','facciale',NULL),(1330,12,NULL,'2025-12-12','08:27:00','13:18:00','ritardo','facciale',NULL),(1331,12,NULL,'2025-12-15','08:06:00','13:14:00','presente','facciale',NULL),(1332,12,NULL,'2025-12-16','08:38:00','13:28:00','ritardo','facciale',NULL),(1333,12,NULL,'2025-12-17',NULL,NULL,'assente','facciale',NULL),(1334,12,NULL,'2025-12-18','08:13:00','13:28:00','presente','facciale',NULL),(1335,12,NULL,'2025-12-19','07:55:00','13:14:00','presente','facciale',NULL),(1336,12,NULL,'2026-01-07','08:12:00','13:12:00','presente','facciale',NULL),(1337,12,NULL,'2026-01-08','07:56:00','13:25:00','presente','manuale',NULL),(1338,12,NULL,'2026-01-09','08:10:00','13:19:00','presente','facciale',NULL),(1339,12,NULL,'2026-01-12','07:46:00','13:11:00','presente','manuale',NULL),(1340,12,NULL,'2026-01-13','08:19:00','13:13:00','ritardo','facciale',NULL),(1341,12,NULL,'2026-01-14','07:58:00','13:25:00','presente','facciale',NULL),(1342,12,NULL,'2026-01-15','07:57:00','13:16:00','presente','facciale',NULL),(1343,12,NULL,'2026-01-16','08:04:00','11:49:00','uscita_anticipata','facciale',NULL),(1344,12,NULL,'2026-01-19','07:49:00','13:12:00','presente','facciale',NULL),(1345,12,NULL,'2026-01-20','07:52:00','13:22:00','presente','facciale',NULL),(1346,12,NULL,'2026-01-21','08:01:00','13:21:00','presente','facciale',NULL),(1347,12,NULL,'2026-01-22','07:47:00','13:22:00','presente','facciale',NULL),(1348,12,NULL,'2026-01-23','08:00:00','11:36:00','uscita_anticipata','facciale',NULL),(1349,12,NULL,'2026-01-26','07:55:00','13:29:00','presente','facciale',NULL),(1350,12,NULL,'2026-01-27',NULL,NULL,'assente','facciale',NULL),(1351,12,NULL,'2026-01-28','09:28:00','13:24:00','ritardo','facciale',NULL),(1352,12,NULL,'2026-01-29','07:49:00','13:11:00','presente','manuale',NULL),(1353,12,NULL,'2026-01-30',NULL,NULL,'assente','facciale',NULL),(1354,12,NULL,'2026-02-02','07:56:00','11:50:00','uscita_anticipata','facciale',NULL),(1355,12,NULL,'2026-02-03','08:10:00','13:10:00','presente','manuale',NULL),(1356,12,NULL,'2026-02-04','08:11:00','13:18:00','presente','facciale',NULL),(1357,12,NULL,'2026-02-05',NULL,NULL,'assente','facciale',NULL),(1358,12,NULL,'2026-02-06','08:13:00','13:15:00','presente','manuale',NULL),(1359,12,NULL,'2026-02-09','08:10:00','13:23:00','presente','manuale',NULL),(1360,12,NULL,'2026-02-10','08:11:00','13:15:00','presente','facciale',NULL),(1361,12,NULL,'2026-02-11','07:52:00','13:20:00','presente','facciale',NULL),(1362,12,NULL,'2026-02-12',NULL,NULL,'assente','facciale',NULL),(1363,12,NULL,'2026-02-13','08:11:00','13:20:00','presente','manuale',NULL),(1364,12,NULL,'2026-02-18','08:46:00','13:28:00','ritardo','manuale',NULL),(1365,12,NULL,'2026-02-19',NULL,NULL,'assente','facciale',NULL),(1366,12,NULL,'2026-02-20','07:54:00','13:11:00','presente','facciale',NULL),(1367,12,NULL,'2026-02-23',NULL,NULL,'assente','facciale',NULL),(1368,12,NULL,'2026-02-24','09:17:00','13:13:00','ritardo','manuale',NULL),(1369,12,NULL,'2026-02-25','08:14:00','13:17:00','presente','facciale',NULL),(1370,12,NULL,'2026-02-26','07:45:00','13:12:00','presente','facciale',NULL),(1371,12,NULL,'2026-02-27','07:46:00','13:28:00','presente','facciale',NULL),(1372,12,NULL,'2026-03-02','07:53:00','13:22:00','presente','manuale',NULL),(1373,12,NULL,'2026-03-03','08:13:00','13:24:00','presente','facciale',NULL),(1374,12,NULL,'2026-03-04','07:49:00','13:19:00','presente','facciale',NULL),(1375,12,NULL,'2026-03-05','07:49:00','13:19:00','presente','facciale',NULL),(1376,12,NULL,'2026-03-06','07:45:00','13:14:00','presente','facciale',NULL),(1377,12,NULL,'2026-03-09','08:05:00','13:22:00','presente','manuale',NULL),(1378,12,NULL,'2026-03-10','08:05:00','13:23:00','presente','facciale',NULL),(1379,12,NULL,'2026-03-11','07:49:00','13:26:00','presente','facciale',NULL),(1380,12,NULL,'2026-03-12','08:12:00','13:12:00','presente','manuale',NULL),(1381,12,NULL,'2026-03-13','07:57:00','13:25:00','presente','manuale',NULL),(1382,12,NULL,'2026-03-16','08:05:00','13:16:00','presente','facciale',NULL),(1383,12,NULL,'2026-03-17','07:55:00','13:26:00','presente','facciale',NULL),(1384,12,NULL,'2026-03-18','08:10:00','13:30:00','presente','facciale',NULL),(1385,12,NULL,'2026-03-19',NULL,NULL,'assente','facciale',NULL),(1386,12,NULL,'2026-03-20','07:46:00','13:10:00','presente','facciale',NULL),(1387,12,NULL,'2026-03-23','08:00:00','13:14:00','presente','facciale',NULL),(1388,12,NULL,'2026-03-24','08:06:00','13:21:00','presente','facciale',NULL),(1389,12,NULL,'2026-03-25','07:47:00','13:23:00','presente','facciale',NULL),(1390,12,NULL,'2026-03-26',NULL,NULL,'assente','facciale',NULL),(1391,12,NULL,'2026-03-27','07:45:00','13:26:00','presente','facciale',NULL),(1392,12,NULL,'2026-03-30','08:10:00','13:24:00','presente','manuale',NULL),(1393,12,NULL,'2026-03-31','07:48:00','13:30:00','presente','manuale',NULL),(1394,12,NULL,'2026-04-01','07:53:00','11:04:00','uscita_anticipata','facciale',NULL),(1395,12,NULL,'2026-04-08','08:08:00','13:25:00','presente','facciale',NULL),(1396,12,NULL,'2026-04-09','08:11:00','13:17:00','presente','manuale',NULL),(1397,12,NULL,'2026-04-10','07:45:00','13:28:00','presente','facciale',NULL),(1398,12,NULL,'2026-04-13','07:49:00','13:26:00','presente','facciale',NULL),(1399,12,NULL,'2026-04-14','08:04:00','13:25:00','presente','manuale',NULL),(1400,12,NULL,'2026-04-15',NULL,NULL,'assente','facciale',NULL),(1401,12,NULL,'2026-04-16','07:57:00','13:18:00','presente','facciale',NULL),(1402,12,NULL,'2026-04-17','08:14:00','13:17:00','presente','facciale',NULL),(1403,12,NULL,'2026-04-20','08:14:00','13:16:00','presente','facciale',NULL),(1404,12,NULL,'2026-04-21','07:48:00','13:19:00','presente','facciale',NULL),(1405,12,NULL,'2026-04-22','08:00:00','13:20:00','presente','facciale',NULL),(1406,12,NULL,'2026-04-23','08:03:00','13:26:00','presente','facciale',NULL),(1407,12,NULL,'2026-04-24','08:06:00','13:20:00','presente','facciale',NULL),(1408,12,NULL,'2026-04-27','09:16:00','13:20:00','ritardo','facciale',NULL),(1409,12,NULL,'2026-04-28','08:07:00','13:18:00','presente','manuale',NULL),(1410,12,NULL,'2026-04-29','07:46:00','13:17:00','presente','facciale',NULL),(1411,12,NULL,'2026-04-30','07:47:00','13:14:00','presente','facciale',NULL),(1412,12,NULL,'2026-05-04','08:12:00','11:35:00','uscita_anticipata','manuale',NULL),(1413,12,NULL,'2026-05-05','08:06:00','13:23:00','presente','facciale',NULL),(1414,12,NULL,'2026-05-06','07:50:00','13:21:00','presente','facciale',NULL),(1415,12,NULL,'2026-05-07','07:47:00','13:17:00','presente','facciale',NULL),(1416,12,NULL,'2026-05-08','08:02:00','13:17:00','presente','facciale',NULL),(1417,12,NULL,'2026-05-11','07:47:00','13:15:00','presente','facciale',NULL),(1418,12,NULL,'2026-05-12','07:46:00','13:11:00','presente','facciale',NULL),(1419,12,NULL,'2026-05-13','07:53:00','13:29:00','presente','manuale',NULL),(1420,12,NULL,'2026-05-14','07:48:00','13:12:00','presente','manuale',NULL),(1421,12,NULL,'2026-05-15','08:07:00','13:13:00','presente','facciale',NULL),(1422,12,NULL,'2026-05-18','07:50:00','13:26:00','presente','facciale',NULL),(1423,13,NULL,'2025-09-15','07:57:00','13:19:00','presente','facciale',NULL),(1424,13,NULL,'2025-09-16','07:47:00','13:25:00','presente','facciale',NULL),(1425,13,NULL,'2025-09-17','07:58:00','13:24:00','presente','facciale',NULL),(1426,13,NULL,'2025-09-18','07:45:00','13:28:00','presente','facciale',NULL),(1427,13,NULL,'2025-09-19','07:50:00','11:07:00','uscita_anticipata','facciale',NULL),(1428,13,NULL,'2025-09-22','08:10:00','13:23:00','presente','facciale',NULL),(1429,13,NULL,'2025-09-23',NULL,NULL,'assente','facciale',NULL),(1430,13,NULL,'2025-09-24','08:00:00','13:25:00','presente','facciale',NULL),(1431,13,NULL,'2025-09-25',NULL,NULL,'assente','facciale',NULL),(1432,13,NULL,'2025-09-26',NULL,NULL,'assente','facciale',NULL),(1433,13,NULL,'2025-09-29','08:11:00','13:13:00','presente','facciale',NULL),(1434,13,NULL,'2025-09-30','07:54:00','13:11:00','presente','facciale',NULL),(1435,13,NULL,'2025-10-01','08:13:00','13:15:00','presente','facciale',NULL),(1436,13,NULL,'2025-10-02','07:48:00','13:14:00','presente','facciale',NULL),(1437,13,NULL,'2025-10-03','08:57:00','13:13:00','ritardo','facciale',NULL),(1438,13,NULL,'2025-10-06','07:49:00','13:22:00','presente','facciale',NULL),(1439,13,NULL,'2025-10-07',NULL,NULL,'assente','facciale',NULL),(1440,13,NULL,'2025-10-08','07:48:00','13:15:00','presente','facciale',NULL),(1441,13,NULL,'2025-10-09','08:03:00','13:19:00','presente','facciale',NULL),(1442,13,NULL,'2025-10-10','08:13:00','13:24:00','presente','facciale',NULL),(1443,13,NULL,'2025-10-13','09:18:00','13:13:00','ritardo','facciale',NULL),(1444,13,NULL,'2025-10-14','08:01:00','13:29:00','presente','facciale',NULL),(1445,13,NULL,'2025-10-15',NULL,NULL,'assente','facciale',NULL),(1446,13,NULL,'2025-10-16',NULL,NULL,'assente','facciale',NULL),(1447,13,NULL,'2025-10-17','07:46:00','13:26:00','presente','manuale',NULL),(1448,13,NULL,'2025-10-20','07:48:00','13:27:00','presente','facciale',NULL),(1449,13,NULL,'2025-10-21','08:13:00','13:10:00','presente','facciale',NULL),(1450,13,NULL,'2025-10-22','07:52:00','13:20:00','presente','facciale',NULL),(1451,13,NULL,'2025-10-23','08:11:00','13:16:00','presente','manuale',NULL),(1452,13,NULL,'2025-10-24','07:46:00','13:17:00','presente','facciale',NULL),(1453,13,NULL,'2025-10-27','07:48:00','13:27:00','presente','manuale',NULL),(1454,13,NULL,'2025-10-28','08:02:00','13:12:00','presente','facciale',NULL),(1455,13,NULL,'2025-10-29','08:00:00','13:17:00','presente','manuale',NULL),(1456,13,NULL,'2025-10-30',NULL,NULL,'assente','facciale',NULL),(1457,13,NULL,'2025-10-31',NULL,NULL,'assente','facciale',NULL),(1458,13,NULL,'2025-11-03','08:00:00','13:29:00','presente','manuale',NULL),(1459,13,NULL,'2025-11-04','08:07:00','13:19:00','presente','facciale',NULL),(1460,13,NULL,'2025-11-05','07:52:00','13:21:00','presente','facciale',NULL),(1461,13,NULL,'2025-11-06','08:10:00','13:22:00','presente','facciale',NULL),(1462,13,NULL,'2025-11-07','08:13:00','13:28:00','presente','facciale',NULL),(1463,13,NULL,'2025-11-10','07:48:00','13:30:00','presente','facciale',NULL),(1464,13,NULL,'2025-11-11','07:57:00','13:15:00','presente','manuale',NULL),(1465,13,NULL,'2025-11-12',NULL,NULL,'assente','facciale',NULL),(1466,13,NULL,'2025-11-13','07:51:00','11:22:00','uscita_anticipata','manuale',NULL),(1467,13,NULL,'2025-11-14','08:06:00','13:24:00','presente','facciale',NULL),(1468,13,NULL,'2025-11-17','08:14:00','13:19:00','presente','facciale',NULL),(1469,13,NULL,'2025-11-18',NULL,NULL,'assente','facciale',NULL),(1470,13,NULL,'2025-11-19',NULL,NULL,'assente','facciale',NULL),(1471,13,NULL,'2025-11-20','07:55:00','13:26:00','presente','facciale',NULL),(1472,13,NULL,'2025-11-21','08:12:00','13:21:00','presente','facciale',NULL),(1473,13,NULL,'2025-11-24','08:04:00','13:28:00','presente','manuale',NULL),(1474,13,NULL,'2025-11-25','07:51:00','13:20:00','presente','facciale',NULL),(1475,13,NULL,'2025-11-26','07:59:00','11:38:00','uscita_anticipata','manuale',NULL),(1476,13,NULL,'2025-11-27','07:51:00','11:24:00','uscita_anticipata','facciale',NULL),(1477,13,NULL,'2025-11-28','08:04:00','13:28:00','presente','facciale',NULL),(1478,13,NULL,'2025-12-01',NULL,NULL,'assente','facciale',NULL),(1479,13,NULL,'2025-12-02','08:04:00','13:19:00','presente','facciale',NULL),(1480,13,NULL,'2025-12-03',NULL,NULL,'assente','facciale',NULL),(1481,13,NULL,'2025-12-04','07:52:00','13:29:00','presente','manuale',NULL),(1482,13,NULL,'2025-12-05','08:05:00','13:21:00','presente','facciale',NULL),(1483,13,NULL,'2025-12-09','08:33:00','13:10:00','ritardo','facciale',NULL),(1484,13,NULL,'2025-12-10',NULL,NULL,'assente','facciale',NULL),(1485,13,NULL,'2025-12-11','07:58:00','13:11:00','presente','manuale',NULL),(1486,13,NULL,'2025-12-12','07:51:00','13:20:00','presente','facciale',NULL),(1487,13,NULL,'2025-12-15','08:04:00','13:19:00','presente','manuale',NULL),(1488,13,NULL,'2025-12-16','08:11:00','11:41:00','uscita_anticipata','facciale',NULL),(1489,13,NULL,'2025-12-17','09:08:00','13:28:00','ritardo','facciale',NULL),(1490,13,NULL,'2025-12-18','08:06:00','13:23:00','presente','facciale',NULL),(1491,13,NULL,'2025-12-19','08:13:00','13:23:00','presente','facciale',NULL),(1492,13,NULL,'2026-01-07','07:51:00','13:21:00','presente','facciale',NULL),(1493,13,NULL,'2026-01-08','08:00:00','13:21:00','presente','manuale',NULL),(1494,13,NULL,'2026-01-09','07:51:00','13:11:00','presente','facciale',NULL),(1495,13,NULL,'2026-01-12','08:11:00','13:12:00','presente','facciale',NULL),(1496,13,NULL,'2026-01-13',NULL,NULL,'assente','facciale',NULL),(1497,13,NULL,'2026-01-14','07:52:00','13:10:00','presente','facciale',NULL),(1498,13,NULL,'2026-01-15','07:50:00','13:16:00','presente','manuale',NULL),(1499,13,NULL,'2026-01-16','08:11:00','13:18:00','presente','facciale',NULL),(1500,13,NULL,'2026-01-19',NULL,NULL,'assente','facciale',NULL),(1501,13,NULL,'2026-01-20','08:05:00','13:24:00','presente','facciale',NULL),(1502,13,NULL,'2026-01-21','08:06:00','11:27:00','uscita_anticipata','facciale',NULL),(1503,13,NULL,'2026-01-22',NULL,NULL,'assente','facciale',NULL),(1504,13,NULL,'2026-01-23','07:53:00','13:28:00','presente','facciale',NULL),(1505,13,NULL,'2026-01-26','09:26:00','13:14:00','ritardo','manuale',NULL),(1506,13,NULL,'2026-01-27',NULL,NULL,'assente','facciale',NULL),(1507,13,NULL,'2026-01-28','07:59:00','13:24:00','presente','facciale',NULL),(1508,13,NULL,'2026-01-29','08:13:00','13:24:00','presente','facciale',NULL),(1509,13,NULL,'2026-01-30','08:08:00','13:27:00','presente','manuale',NULL),(1510,13,NULL,'2026-02-02','07:49:00','11:51:00','uscita_anticipata','manuale',NULL),(1511,13,NULL,'2026-02-03','08:05:00','13:26:00','presente','facciale',NULL),(1512,13,NULL,'2026-02-04',NULL,NULL,'assente','facciale',NULL),(1513,13,NULL,'2026-02-05',NULL,NULL,'assente','facciale',NULL),(1514,13,NULL,'2026-02-06','08:07:00','13:10:00','presente','facciale',NULL),(1515,13,NULL,'2026-02-09','08:20:00','13:27:00','ritardo','facciale',NULL),(1516,13,NULL,'2026-02-10','07:57:00','11:25:00','uscita_anticipata','facciale',NULL),(1517,13,NULL,'2026-02-11','07:52:00','13:18:00','presente','manuale',NULL),(1518,13,NULL,'2026-02-12','08:08:00','11:37:00','uscita_anticipata','manuale',NULL),(1519,13,NULL,'2026-02-13','08:13:00','13:23:00','presente','manuale',NULL),(1520,13,NULL,'2026-02-18','07:46:00','13:11:00','presente','facciale',NULL),(1521,13,NULL,'2026-02-19','07:58:00','13:22:00','presente','facciale',NULL),(1522,13,NULL,'2026-02-20',NULL,NULL,'assente','facciale',NULL),(1523,13,NULL,'2026-02-23','08:07:00','13:17:00','presente','facciale',NULL),(1524,13,NULL,'2026-02-24','08:44:00','13:16:00','ritardo','facciale',NULL),(1525,13,NULL,'2026-02-25',NULL,NULL,'assente','facciale',NULL),(1526,13,NULL,'2026-02-26',NULL,NULL,'assente','facciale',NULL),(1527,13,NULL,'2026-02-27',NULL,NULL,'assente','facciale',NULL),(1528,13,NULL,'2026-03-02','08:07:00','13:30:00','presente','facciale',NULL),(1529,13,NULL,'2026-03-03','07:47:00','13:30:00','presente','manuale',NULL),(1530,13,NULL,'2026-03-04',NULL,NULL,'assente','facciale',NULL),(1531,13,NULL,'2026-03-05',NULL,NULL,'assente','facciale',NULL),(1532,13,NULL,'2026-03-06','07:55:00','13:12:00','presente','manuale',NULL),(1533,13,NULL,'2026-03-09','07:52:00','13:25:00','presente','facciale',NULL),(1534,13,NULL,'2026-03-10',NULL,NULL,'assente','facciale',NULL),(1535,13,NULL,'2026-03-11','08:08:00','13:29:00','presente','facciale',NULL),(1536,13,NULL,'2026-03-12',NULL,NULL,'assente','facciale',NULL),(1537,13,NULL,'2026-03-13','08:12:00','13:21:00','presente','facciale',NULL),(1538,13,NULL,'2026-03-16','08:07:00','11:02:00','uscita_anticipata','manuale',NULL),(1539,13,NULL,'2026-03-17','07:56:00','13:20:00','presente','facciale',NULL),(1540,13,NULL,'2026-03-18','07:46:00','13:16:00','presente','facciale',NULL),(1541,13,NULL,'2026-03-19','08:08:00','13:17:00','presente','manuale',NULL),(1542,13,NULL,'2026-03-20','07:47:00','13:17:00','presente','facciale',NULL),(1543,13,NULL,'2026-03-23','07:50:00','11:25:00','uscita_anticipata','facciale',NULL),(1544,13,NULL,'2026-03-24',NULL,NULL,'assente','facciale',NULL),(1545,13,NULL,'2026-03-25',NULL,NULL,'assente','facciale',NULL),(1546,13,NULL,'2026-03-26','08:00:00','13:26:00','presente','facciale',NULL),(1547,13,NULL,'2026-03-27',NULL,NULL,'assente','facciale',NULL),(1548,13,NULL,'2026-03-30','07:49:00','13:14:00','presente','facciale',NULL),(1549,13,NULL,'2026-03-31','09:17:00','13:12:00','ritardo','facciale',NULL),(1550,13,NULL,'2026-04-01','07:52:00','11:10:00','uscita_anticipata','facciale',NULL),(1551,13,NULL,'2026-04-08',NULL,NULL,'assente','facciale',NULL),(1552,13,NULL,'2026-04-09','08:07:00','13:25:00','presente','facciale',NULL),(1553,13,NULL,'2026-04-10','08:42:00','13:23:00','ritardo','facciale',NULL),(1554,13,NULL,'2026-04-13','07:57:00','13:29:00','presente','facciale',NULL),(1555,13,NULL,'2026-04-14','07:45:00','13:11:00','presente','facciale',NULL),(1556,13,NULL,'2026-04-15','08:05:00','13:18:00','presente','facciale',NULL),(1557,13,NULL,'2026-04-16',NULL,NULL,'assente','facciale',NULL),(1558,13,NULL,'2026-04-17','07:58:00','13:22:00','presente','facciale',NULL),(1559,13,NULL,'2026-04-20','07:45:00','13:10:00','presente','facciale',NULL),(1560,13,NULL,'2026-04-21','07:51:00','13:22:00','presente','facciale',NULL),(1561,13,NULL,'2026-04-22','07:46:00','13:13:00','presente','manuale',NULL),(1562,13,NULL,'2026-04-23','08:42:00','13:19:00','ritardo','manuale',NULL),(1563,13,NULL,'2026-04-24','08:46:00','13:21:00','ritardo','facciale',NULL),(1564,13,NULL,'2026-04-27','08:03:00','13:17:00','presente','manuale',NULL),(1565,13,NULL,'2026-04-28',NULL,NULL,'assente','facciale',NULL),(1566,13,NULL,'2026-04-29','08:43:00','13:26:00','ritardo','facciale',NULL),(1567,13,NULL,'2026-04-30','08:10:00','13:27:00','presente','facciale',NULL),(1568,13,NULL,'2026-05-04','07:53:00','13:15:00','presente','facciale',NULL),(1569,13,NULL,'2026-05-05',NULL,NULL,'assente','facciale',NULL),(1570,13,NULL,'2026-05-06','08:05:00','13:11:00','presente','facciale',NULL),(1571,13,NULL,'2026-05-07','07:57:00','13:18:00','presente','facciale',NULL),(1572,13,NULL,'2026-05-08','07:56:00','13:30:00','presente','facciale',NULL),(1573,13,NULL,'2026-05-11','08:10:00','13:25:00','presente','manuale',NULL),(1574,13,NULL,'2026-05-12','08:59:00','13:28:00','ritardo','facciale',NULL),(1575,13,NULL,'2026-05-13','08:01:00','13:15:00','presente','facciale',NULL),(1576,13,NULL,'2026-05-14','09:11:00','13:14:00','ritardo','facciale',NULL),(1577,13,NULL,'2026-05-15','07:52:00','13:15:00','presente','facciale',NULL),(1578,13,NULL,'2026-05-18','08:33:00','13:16:00','assente','manuale',''),(1579,15,NULL,'2026-04-20','08:59:00',NULL,'presente','facciale',NULL),(1580,15,NULL,'2026-04-21','08:17:00',NULL,'ritardo','facciale',NULL),(1581,15,NULL,'2026-04-22','07:03:00',NULL,'presente','facciale',NULL),(1582,15,NULL,'2026-04-23','07:16:00',NULL,'presente','facciale',NULL),(1583,15,NULL,'2026-04-24','08:36:00',NULL,'presente','facciale',NULL),(1584,15,NULL,'2026-04-27','07:27:00',NULL,'presente','facciale',NULL),(1585,15,NULL,'2026-04-28','07:47:00',NULL,'presente','facciale',NULL),(1586,15,NULL,'2026-04-29','08:52:00',NULL,'presente','facciale',NULL),(1587,15,NULL,'2026-04-30','08:22:00',NULL,'presente','facciale',NULL),(1588,15,NULL,'2026-05-01','08:14:00',NULL,'presente','facciale',NULL),(1589,15,NULL,'2026-05-04','08:27:00',NULL,'ritardo','facciale',NULL),(1590,15,NULL,'2026-05-05','07:59:00',NULL,'presente','facciale',NULL),(1591,15,NULL,'2026-05-06','07:30:00',NULL,'presente','facciale',NULL),(1592,15,NULL,'2026-05-07','08:47:00',NULL,'ritardo','facciale',NULL),(1593,15,NULL,'2026-05-08','08:37:00','10:52:00','uscita_anticipata','facciale',NULL),(1594,15,NULL,'2026-05-11','07:32:00',NULL,'assente','facciale',NULL),(1595,15,NULL,'2026-05-12','08:39:00',NULL,'presente','facciale',NULL),(1596,15,NULL,'2026-05-13','08:29:00',NULL,'presente','facciale',NULL),(1597,15,NULL,'2026-05-14','07:23:00','13:46:00','uscita_anticipata','facciale',NULL),(1598,15,NULL,'2026-05-15','08:36:00',NULL,'ritardo','facciale',NULL),(1599,16,NULL,'2026-04-20','08:06:00',NULL,'presente','facciale',NULL),(1600,16,NULL,'2026-04-21','07:00:00',NULL,'assente','facciale',NULL),(1601,16,NULL,'2026-04-22','07:37:00','10:40:00','uscita_anticipata','facciale',NULL),(1602,16,NULL,'2026-04-23','07:15:00',NULL,'presente','facciale',NULL),(1603,16,NULL,'2026-04-24','08:11:00',NULL,'presente','facciale',NULL),(1604,16,NULL,'2026-04-27','08:10:00',NULL,'presente','facciale',NULL),(1605,16,NULL,'2026-04-28','07:52:00',NULL,'presente','facciale',NULL),(1606,16,NULL,'2026-04-29','08:29:00',NULL,'ritardo','facciale',NULL),(1607,16,NULL,'2026-04-30','08:43:00',NULL,'presente','facciale',NULL),(1608,16,NULL,'2026-05-01','07:31:00',NULL,'presente','facciale',NULL),(1609,16,NULL,'2026-05-04','07:55:00',NULL,'presente','facciale',NULL),(1610,16,NULL,'2026-05-05','08:00:00',NULL,'presente','facciale',NULL),(1611,16,NULL,'2026-05-06','07:42:00',NULL,'presente','facciale',NULL),(1612,16,NULL,'2026-05-07','08:55:00','11:37:00','uscita_anticipata','facciale',NULL),(1613,16,NULL,'2026-05-08','07:45:00',NULL,'presente','facciale',NULL),(1614,16,NULL,'2026-05-11','08:20:00',NULL,'ritardo','facciale',NULL),(1615,16,NULL,'2026-05-12','08:44:00','10:40:00','uscita_anticipata','facciale',NULL),(1616,16,NULL,'2026-05-13','08:19:00',NULL,'presente','facciale',NULL),(1617,16,NULL,'2026-05-14','07:11:00',NULL,'assente','facciale',NULL),(1618,16,NULL,'2026-05-15','07:58:00',NULL,'assente','facciale',NULL),(1619,17,NULL,'2026-04-20','07:30:00',NULL,'assente','facciale',NULL),(1620,17,NULL,'2026-04-21','08:50:00',NULL,'ritardo','facciale',NULL),(1621,17,NULL,'2026-04-22','08:30:00',NULL,'presente','facciale',NULL),(1622,17,NULL,'2026-04-23','08:10:00',NULL,'presente','facciale',NULL),(1623,17,NULL,'2026-04-24','08:27:00',NULL,'presente','facciale',NULL),(1624,17,NULL,'2026-04-27','07:45:00',NULL,'presente','facciale',NULL),(1625,17,NULL,'2026-04-28','08:48:00','11:23:00','uscita_anticipata','facciale',NULL),(1626,17,NULL,'2026-04-29','07:18:00',NULL,'presente','facciale',NULL),(1627,17,NULL,'2026-04-30','08:58:00',NULL,'presente','facciale',NULL),(1628,17,NULL,'2026-05-01','08:10:00',NULL,'presente','facciale',NULL),(1629,17,NULL,'2026-05-04','08:20:00','13:14:00','uscita_anticipata','facciale',NULL),(1630,17,NULL,'2026-05-05','08:53:00',NULL,'presente','facciale',NULL),(1631,17,NULL,'2026-05-06','08:43:00',NULL,'ritardo','facciale',NULL),(1632,17,NULL,'2026-05-07','07:13:00',NULL,'assente','facciale',NULL),(1633,17,NULL,'2026-05-08','08:41:00',NULL,'assente','facciale',NULL),(1634,17,NULL,'2026-05-11','08:06:00','13:08:00','uscita_anticipata','facciale',NULL),(1635,17,NULL,'2026-05-12','08:19:00',NULL,'presente','facciale',NULL),(1636,17,NULL,'2026-05-13','07:30:00',NULL,'assente','facciale',NULL),(1637,17,NULL,'2026-05-14','08:03:00',NULL,'presente','facciale',NULL),(1638,17,NULL,'2026-05-15','08:17:00',NULL,'presente','facciale',NULL),(1639,18,NULL,'2026-04-20','08:52:00',NULL,'ritardo','facciale',NULL),(1640,18,NULL,'2026-04-21','07:03:00','12:48:00','uscita_anticipata','facciale',NULL),(1641,18,NULL,'2026-04-22','07:23:00','12:22:00','uscita_anticipata','facciale',NULL),(1642,18,NULL,'2026-04-23','08:06:00','10:58:00','uscita_anticipata','facciale',NULL),(1643,18,NULL,'2026-04-24','08:29:00',NULL,'assente','facciale',NULL),(1644,18,NULL,'2026-04-27','08:04:00',NULL,'assente','facciale',NULL),(1645,18,NULL,'2026-04-28','07:15:00',NULL,'presente','facciale',NULL),(1646,18,NULL,'2026-04-29','08:44:00',NULL,'ritardo','facciale',NULL),(1647,18,NULL,'2026-04-30','08:15:00',NULL,'assente','facciale',NULL),(1648,18,NULL,'2026-05-01','08:42:00',NULL,'presente','facciale',NULL),(1649,18,NULL,'2026-05-04','08:10:00',NULL,'presente','facciale',NULL),(1650,18,NULL,'2026-05-05','07:07:00',NULL,'presente','facciale',NULL),(1651,18,NULL,'2026-05-06','08:21:00',NULL,'presente','facciale',NULL),(1652,18,NULL,'2026-05-07','07:25:00',NULL,'assente','facciale',NULL),(1653,18,NULL,'2026-05-08','08:37:00',NULL,'ritardo','facciale',NULL),(1654,18,NULL,'2026-05-11','08:25:00',NULL,'presente','facciale',NULL),(1655,18,NULL,'2026-05-12','07:40:00','10:56:00','uscita_anticipata','facciale',NULL),(1656,18,NULL,'2026-05-13','07:22:00',NULL,'presente','facciale',NULL),(1657,18,NULL,'2026-05-14','07:19:00',NULL,'assente','facciale',NULL),(1658,18,NULL,'2026-05-15','07:42:00',NULL,'presente','facciale',NULL),(1659,19,NULL,'2026-04-20','08:52:00',NULL,'presente','facciale',NULL),(1660,19,NULL,'2026-04-21','08:07:00',NULL,'presente','facciale',NULL),(1661,19,NULL,'2026-04-22','08:24:00',NULL,'ritardo','facciale',NULL),(1662,19,NULL,'2026-04-23','08:27:00',NULL,'presente','facciale',NULL),(1663,19,NULL,'2026-04-24','08:16:00',NULL,'ritardo','facciale',NULL),(1664,19,NULL,'2026-04-27','07:00:00',NULL,'presente','facciale',NULL),(1665,19,NULL,'2026-04-28','08:13:00',NULL,'presente','facciale',NULL),(1666,19,NULL,'2026-04-29','07:44:00',NULL,'presente','facciale',NULL),(1667,19,NULL,'2026-04-30','08:03:00',NULL,'presente','facciale',NULL),(1668,19,NULL,'2026-05-01','07:57:00',NULL,'presente','facciale',NULL),(1669,19,NULL,'2026-05-04','08:20:00',NULL,'presente','facciale',NULL),(1670,19,NULL,'2026-05-05','08:41:00',NULL,'ritardo','facciale',NULL),(1671,19,NULL,'2026-05-06','08:29:00',NULL,'presente','facciale',NULL),(1672,19,NULL,'2026-05-07','07:34:00',NULL,'presente','facciale',NULL),(1673,19,NULL,'2026-05-08','08:45:00',NULL,'ritardo','facciale',NULL),(1674,19,NULL,'2026-05-11','08:57:00','13:52:00','uscita_anticipata','facciale',NULL),(1675,19,NULL,'2026-05-12','08:55:00',NULL,'presente','facciale',NULL),(1676,19,NULL,'2026-05-13','08:05:00',NULL,'presente','facciale',NULL),(1677,19,NULL,'2026-05-14','07:13:00',NULL,'presente','facciale',NULL),(1678,19,NULL,'2026-05-15','07:50:00',NULL,'assente','facciale',NULL),(1679,20,NULL,'2026-04-20','07:03:00',NULL,'presente','facciale',NULL),(1680,20,NULL,'2026-04-21','08:26:00','10:48:00','uscita_anticipata','facciale',NULL),(1681,20,NULL,'2026-04-22','07:00:00',NULL,'presente','facciale',NULL),(1682,20,NULL,'2026-04-23','08:39:00',NULL,'ritardo','facciale',NULL),(1683,20,NULL,'2026-04-24','08:33:00',NULL,'presente','facciale',NULL),(1684,20,NULL,'2026-04-27','08:46:00',NULL,'ritardo','facciale',NULL),(1685,20,NULL,'2026-04-28','07:06:00',NULL,'presente','facciale',NULL),(1686,20,NULL,'2026-04-29','08:11:00',NULL,'presente','facciale',NULL),(1687,20,NULL,'2026-04-30','08:30:00',NULL,'ritardo','facciale',NULL),(1688,20,NULL,'2026-05-01','08:37:00',NULL,'presente','facciale',NULL),(1689,20,NULL,'2026-05-04','08:36:00',NULL,'ritardo','facciale',NULL),(1690,20,NULL,'2026-05-05','08:52:00',NULL,'presente','facciale',NULL),(1691,20,NULL,'2026-05-06','08:20:00',NULL,'presente','facciale',NULL),(1692,20,NULL,'2026-05-07','08:24:00',NULL,'ritardo','facciale',NULL),(1693,20,NULL,'2026-05-08','07:14:00','12:39:00','uscita_anticipata','facciale',NULL),(1694,20,NULL,'2026-05-11','07:19:00',NULL,'presente','facciale',NULL),(1695,20,NULL,'2026-05-12','08:43:00',NULL,'presente','facciale',NULL),(1696,20,NULL,'2026-05-13','07:42:00','12:22:00','uscita_anticipata','facciale',NULL),(1697,20,NULL,'2026-05-14','07:45:00',NULL,'presente','facciale',NULL),(1698,20,NULL,'2026-05-15','07:43:00',NULL,'presente','facciale',NULL),(1699,21,NULL,'2026-04-20','07:18:00','13:23:00','uscita_anticipata','facciale',NULL),(1700,21,NULL,'2026-04-21','08:47:00',NULL,'ritardo','facciale',NULL),(1701,21,NULL,'2026-04-22','07:17:00','13:59:00','uscita_anticipata','facciale',NULL),(1702,21,NULL,'2026-04-23','08:49:00',NULL,'presente','facciale',NULL),(1703,21,NULL,'2026-04-24','07:57:00',NULL,'presente','facciale',NULL),(1704,21,NULL,'2026-04-27','08:32:00',NULL,'presente','facciale',NULL),(1705,21,NULL,'2026-04-28','08:44:00',NULL,'presente','facciale',NULL),(1706,21,NULL,'2026-04-29','07:30:00',NULL,'presente','facciale',NULL),(1707,21,NULL,'2026-04-30','08:54:00',NULL,'presente','facciale',NULL),(1708,21,NULL,'2026-05-01','08:52:00',NULL,'presente','facciale',NULL),(1709,21,NULL,'2026-05-04','08:43:00',NULL,'presente','facciale',NULL),(1710,21,NULL,'2026-05-05','08:25:00',NULL,'ritardo','facciale',NULL),(1711,21,NULL,'2026-05-06','08:34:00',NULL,'ritardo','facciale',NULL),(1712,21,NULL,'2026-05-07','07:28:00',NULL,'presente','facciale',NULL),(1713,21,NULL,'2026-05-08','08:47:00',NULL,'ritardo','facciale',NULL),(1714,21,NULL,'2026-05-11','08:37:00',NULL,'ritardo','facciale',NULL),(1715,21,NULL,'2026-05-12','07:28:00',NULL,'presente','facciale',NULL),(1716,21,NULL,'2026-05-13','08:25:00',NULL,'ritardo','facciale',NULL),(1717,21,NULL,'2026-05-14','08:31:00',NULL,'presente','facciale',NULL),(1718,21,NULL,'2026-05-15','08:40:00',NULL,'presente','facciale',NULL),(1719,22,NULL,'2026-04-20','07:12:00',NULL,'presente','facciale',NULL),(1720,22,NULL,'2026-04-21','08:08:00',NULL,'presente','facciale',NULL),(1721,22,NULL,'2026-04-22','08:04:00',NULL,'presente','facciale',NULL),(1722,22,NULL,'2026-04-23','08:14:00',NULL,'presente','facciale',NULL),(1723,22,NULL,'2026-04-24','08:30:00',NULL,'ritardo','facciale',NULL),(1724,22,NULL,'2026-04-27','08:01:00',NULL,'presente','facciale',NULL),(1725,22,NULL,'2026-04-28','07:28:00',NULL,'presente','facciale',NULL),(1726,22,NULL,'2026-04-29','07:40:00',NULL,'assente','facciale',NULL),(1727,22,NULL,'2026-04-30','07:20:00',NULL,'presente','facciale',NULL),(1728,22,NULL,'2026-05-01','07:55:00',NULL,'presente','facciale',NULL),(1729,22,NULL,'2026-05-04','07:31:00',NULL,'presente','facciale',NULL),(1730,22,NULL,'2026-05-05','07:42:00',NULL,'presente','facciale',NULL),(1731,22,NULL,'2026-05-06','08:58:00',NULL,'presente','facciale',NULL),(1732,22,NULL,'2026-05-07','08:17:00',NULL,'presente','facciale',NULL),(1733,22,NULL,'2026-05-08','08:28:00',NULL,'presente','facciale',NULL),(1734,22,NULL,'2026-05-11','08:30:00',NULL,'assente','facciale',NULL),(1735,22,NULL,'2026-05-12','08:31:00',NULL,'presente','facciale',NULL),(1736,22,NULL,'2026-05-13','08:05:00',NULL,'presente','facciale',NULL),(1737,22,NULL,'2026-05-14','08:35:00',NULL,'presente','facciale',NULL),(1738,22,NULL,'2026-05-15','08:37:00',NULL,'presente','facciale',NULL),(1739,23,NULL,'2026-04-20','08:06:00',NULL,'presente','facciale',NULL),(1740,23,NULL,'2026-04-21','07:03:00',NULL,'presente','facciale',NULL),(1741,23,NULL,'2026-04-22','08:30:00',NULL,'presente','facciale',NULL),(1742,23,NULL,'2026-04-23','08:27:00','13:28:00','uscita_anticipata','facciale',NULL),(1743,23,NULL,'2026-04-24','07:38:00','11:07:00','uscita_anticipata','facciale',NULL),(1744,23,NULL,'2026-04-27','08:59:00',NULL,'presente','facciale',NULL),(1745,23,NULL,'2026-04-28','08:31:00','10:28:00','uscita_anticipata','facciale',NULL),(1746,23,NULL,'2026-04-29','07:04:00','12:19:00','uscita_anticipata','facciale',NULL),(1747,23,NULL,'2026-04-30','08:49:00',NULL,'ritardo','facciale',NULL),(1748,23,NULL,'2026-05-01','08:52:00',NULL,'presente','facciale',NULL),(1749,23,NULL,'2026-05-04','07:22:00',NULL,'presente','facciale',NULL),(1750,23,NULL,'2026-05-05','08:41:00',NULL,'ritardo','facciale',NULL),(1751,23,NULL,'2026-05-06','08:39:00',NULL,'presente','facciale',NULL),(1752,23,NULL,'2026-05-07','08:03:00',NULL,'presente','facciale',NULL),(1753,23,NULL,'2026-05-08','07:58:00',NULL,'presente','facciale',NULL),(1754,23,NULL,'2026-05-11','08:49:00',NULL,'ritardo','facciale',NULL),(1755,23,NULL,'2026-05-12','08:03:00','13:08:00','uscita_anticipata','facciale',NULL),(1756,23,NULL,'2026-05-13','08:13:00',NULL,'presente','facciale',NULL),(1757,23,NULL,'2026-05-14','08:24:00',NULL,'ritardo','facciale',NULL),(1758,23,NULL,'2026-05-15','07:51:00',NULL,'presente','facciale',NULL),(1759,24,NULL,'2026-04-20','07:51:00',NULL,'presente','facciale',NULL),(1760,24,NULL,'2026-04-21','07:50:00',NULL,'presente','facciale',NULL),(1761,24,NULL,'2026-04-22','07:40:00',NULL,'presente','facciale',NULL),(1762,24,NULL,'2026-04-23','07:31:00','11:26:00','uscita_anticipata','facciale',NULL),(1763,24,NULL,'2026-04-24','08:59:00',NULL,'presente','facciale',NULL),(1764,24,NULL,'2026-04-27','08:30:00',NULL,'ritardo','facciale',NULL),(1765,24,NULL,'2026-04-28','08:15:00',NULL,'assente','facciale',NULL),(1766,24,NULL,'2026-04-29','08:41:00','12:31:00','uscita_anticipata','facciale',NULL),(1767,24,NULL,'2026-04-30','08:08:00','10:16:00','uscita_anticipata','facciale',NULL),(1768,24,NULL,'2026-05-01','08:55:00',NULL,'presente','facciale',NULL),(1769,24,NULL,'2026-05-04','08:03:00','13:30:00','uscita_anticipata','facciale',NULL),(1770,24,NULL,'2026-05-05','07:37:00',NULL,'assente','facciale',NULL),(1771,24,NULL,'2026-05-06','08:42:00','10:46:00','uscita_anticipata','facciale',NULL),(1772,24,NULL,'2026-05-07','08:57:00',NULL,'assente','facciale',NULL),(1773,24,NULL,'2026-05-08','08:55:00','10:20:00','uscita_anticipata','facciale',NULL),(1774,24,NULL,'2026-05-11','07:43:00','11:23:00','uscita_anticipata','facciale',NULL),(1775,24,NULL,'2026-05-12','07:02:00','10:21:00','uscita_anticipata','facciale',NULL),(1776,24,NULL,'2026-05-13','08:50:00',NULL,'ritardo','facciale',NULL),(1777,24,NULL,'2026-05-14','08:06:00',NULL,'presente','facciale',NULL),(1778,24,NULL,'2026-05-15','07:34:00',NULL,'presente','facciale',NULL);
/*!40000 ALTER TABLE `presenze` ENABLE KEYS */;
UNLOCK TABLES;
/*!50003 SET @saved_cs_client      = @@character_set_client */ ;
/*!50003 SET @saved_cs_results     = @@character_set_results */ ;
/*!50003 SET @saved_col_connection = @@collation_connection */ ;
/*!50003 SET character_set_client  = utf8mb4 */ ;
/*!50003 SET character_set_results = utf8mb4 */ ;
/*!50003 SET collation_connection  = utf8mb4_general_ci */ ;
/*!50003 SET @saved_sql_mode       = @@sql_mode */ ;
/*!50003 SET sql_mode              = 'STRICT_TRANS_TABLES,ERROR_FOR_DIVISION_BY_ZERO,NO_AUTO_CREATE_USER,NO_ENGINE_SUBSTITUTION' */ ;
DELIMITER ;;
/*!50003 CREATE*/ /*!50017 DEFINER=`root`@`localhost`*/ /*!50003 TRIGGER trg_ritardo_insert
BEFORE INSERT ON presenze
FOR EACH ROW
BEGIN
  IF NEW.ora_entrata IS NOT NULL
     AND TIME(NEW.ora_entrata) > '08:15:00'
     AND NEW.stato = 'presente'
  THEN
    SET NEW.stato = 'ritardo';
  END IF;
END */;;
DELIMITER ;
/*!50003 SET sql_mode              = @saved_sql_mode */ ;
/*!50003 SET character_set_client  = @saved_cs_client */ ;
/*!50003 SET character_set_results = @saved_cs_results */ ;
/*!50003 SET collation_connection  = @saved_col_connection */ ;
/*!50003 SET @saved_cs_client      = @@character_set_client */ ;
/*!50003 SET @saved_cs_results     = @@character_set_results */ ;
/*!50003 SET @saved_col_connection = @@collation_connection */ ;
/*!50003 SET character_set_client  = utf8mb4 */ ;
/*!50003 SET character_set_results = utf8mb4 */ ;
/*!50003 SET collation_connection  = utf8mb4_general_ci */ ;
/*!50003 SET @saved_sql_mode       = @@sql_mode */ ;
/*!50003 SET sql_mode              = 'STRICT_TRANS_TABLES,ERROR_FOR_DIVISION_BY_ZERO,NO_AUTO_CREATE_USER,NO_ENGINE_SUBSTITUTION' */ ;
DELIMITER ;;
/*!50003 CREATE*/ /*!50017 DEFINER=`root`@`localhost`*/ /*!50003 TRIGGER trg_uscita_anticipata_update
BEFORE UPDATE ON presenze
FOR EACH ROW
BEGIN
  IF NEW.ora_uscita IS NOT NULL
     AND OLD.ora_uscita IS NULL
     AND TIME(NEW.ora_uscita) < '13:30:00'
  THEN
    SET NEW.stato = 'uscita_anticipata';
  END IF;
END */;;
DELIMITER ;
/*!50003 SET sql_mode              = @saved_sql_mode */ ;
/*!50003 SET character_set_client  = @saved_cs_client */ ;
/*!50003 SET character_set_results = @saved_cs_results */ ;
/*!50003 SET collation_connection  = @saved_col_connection */ ;

--
-- Table structure for table `utenti`
--

DROP TABLE IF EXISTS `utenti`;
/*!40101 SET @saved_cs_client     = @@character_set_client */;
/*!40101 SET character_set_client = utf8 */;
CREATE TABLE `utenti` (
  `id` int(11) NOT NULL AUTO_INCREMENT,
  `nome` varchar(100) NOT NULL,
  `cognome` varchar(100) NOT NULL,
  `email` varchar(150) DEFAULT NULL,
  `password_hash` varchar(255) DEFAULT NULL,
  `ruolo` enum('studente','professore','admin') NOT NULL,
  `classe_id` int(11) DEFAULT NULL,
  `foto_path` varchar(255) DEFAULT NULL,
  `encoding` longtext DEFAULT NULL,
  `attivo` tinyint(1) DEFAULT 1,
  `created_at` timestamp NOT NULL DEFAULT current_timestamp(),
  PRIMARY KEY (`id`),
  UNIQUE KEY `email` (`email`),
  KEY `classe_id` (`classe_id`),
  CONSTRAINT `utenti_ibfk_1` FOREIGN KEY (`classe_id`) REFERENCES `classi` (`id`)
) ENGINE=InnoDB AUTO_INCREMENT=25 DEFAULT CHARSET=utf8mb4 COLLATE=utf8mb4_general_ci;
/*!40101 SET character_set_client = @saved_cs_client */;

--
-- Dumping data for table `utenti`
--

LOCK TABLES `utenti` WRITE;
/*!40000 ALTER TABLE `utenti` DISABLE KEYS */;
INSERT INTO `utenti` VALUES (1,'Alessandro','Bagni','alessandro.bagni@studenti.iispascal.it','$2y$10$3F/w1XuiugVjL/ytd.lIi.U0EMs4iZXRWVCPxjxTMg/H.Vvlq3juu','studente',1,'uploads/studenti/1_alessandro_bagni/1.png',NULL,1,'2026-04-21 12:57:07'),(2,'Federico','Bruno','federicobruno935@gmail.com','$2y$10$uDo..mGNrVBMduhR6X6dQ.gJPQJfgpLrzJbp3/5czZ.kleHQwJH8a','studente',1,'uploads/studenti/2_federico_bruno/1.png',NULL,1,'2026-04-21 12:57:07'),(3,'Admin','Scuola','admin@scuola.it','$2y$10$nIn4bNK33rvNjkiXVViE8.U05OuVoIpbirFppm2PGZONJM1WDRXr6','admin',NULL,NULL,NULL,1,'2026-04-21 13:49:18'),(4,'Giulio','Migale','giulio.migale@scuola.it','$2y$10$9J9gEAKvk7GiUqoHt02e.e3fDOSbnc2HEilriyvK3aAbBBmKkPMRu','studente',1,'uploads/studenti/3_giulio_migale/1.png',NULL,1,'2026-04-21 14:08:56'),(5,'Alan','Passerini','alan.passerini@scuola.it','$2y$10$BVzoxF9FnUrFYEeLZWyKnu3Qpide/PbISA0xWffBPCJhkOdGiO6q2','studente',1,'uploads/studenti/4_alan_passerini/1.png',NULL,0,'2026-04-21 14:08:56'),(7,'Krrish','Kumar','alanpasserini104@gmail.com','$2y$10$B1XXXv5zyNrg3raLRmbid.x5VqJty.u/49mCXzbsVmmekZ5WLwxmO','studente',NULL,NULL,NULL,0,'2026-05-17 16:09:41'),(9,'Riccardo','Burani','riccardo.burani@scuola.it','$2y$10$GIgRa.xfUA6WmSiLHMIvSuOpjAHvsi87Z/P1uxokhurRQiwI153A6','studente',1,'uploads/studenti/6_riccardo_burani/1.png',NULL,1,'2026-05-18 07:16:41'),(10,'Valerio','Malato','valerio.malato@scuola.it','$2y$10$E9mPbiyA3T5MQmBPogGdre4oGcx5SL9e298MDUm2ui2IosDuborpG','studente',1,'uploads/studenti/7_valerio_malato/1.png',NULL,1,'2026-05-18 07:16:41'),(11,'Marcello','Celani','marcello.celani@scuola.it','$2y$10$lIz7ei4iLvaziIN6qxlxtur/UcEVu6jwRiyI/qDPjuiC7oy0zktMO','studente',1,'uploads/studenti/8_marcello_celani/1.png',NULL,1,'2026-05-18 07:16:41'),(12,'Alberto','Guglielmi','alberto.guglielmi@scuola.it','$2y$10$jg7qwVOmejBzUJH.nxrxHOcmPsbJJldeA09FHvI13ripEeyraiVUW','studente',1,'uploads/studenti/9_alberto_guglielmi/1.png',NULL,1,'2026-05-18 07:52:19'),(13,'Klaudio','Dunga','klaudio.dunga@scuola.it','$2y$10$1UkBw8mGiL5y4gYXU0RIHuC90.La/uCskXWsyggVEP5M8XxzNrmCq','studente',1,'uploads/studenti/10_klaudio_dunga/1.png',NULL,1,'2026-05-18 07:52:19'),(15,'Francesca','Esposito','francesca.esposito39@scuola.it','$2y$10$kcFf9wROon68.l/eyYwwf.Ovc67lZhSKJWW5suyyszuOTgN9XjMs.','studente',2,'uploads/studenti/15_francesca_esposito/1.png',NULL,1,'2026-05-18 21:10:02'),(16,'Laura','Mancini','laura.mancini97@scuola.it','$2y$10$KcUCFPCCIKMdGoFR2EeHu.C8wF0j45d4qh6.8T0dp9p1sibTYLJSC','studente',2,'uploads/studenti/16_laura_mancini/1.png',NULL,1,'2026-05-18 21:10:02'),(17,'Valentina','Greco','valentina.greco39@scuola.it','$2y$10$zjrX5wQWduP/qW417v8lZuOw4Rj.nZpSN/VSmKHZ55tSJGUdWP5iG','studente',2,'uploads/studenti/17_valentina_greco/1.png',NULL,1,'2026-05-18 21:10:02'),(18,'Sara','Gallo','sara.gallo11@scuola.it','$2y$10$GbA5PpzZU4ZkrJ6dWOq6Zu.GocNKzMwEPZdH9JnuQzsw4cLfUNnti','studente',2,'uploads/studenti/18_sara_gallo/1.png',NULL,1,'2026-05-18 21:10:03'),(19,'Giulia','Gallo','giulia.gallo75@scuola.it','$2y$10$1AEYjt7Q2x79KPYj8WukGe/OeBBzr6cD/pcnzQALY2m/ZxEpUR/72','studente',2,'uploads/studenti/19_giulia_gallo/1.png',NULL,1,'2026-05-18 21:10:03'),(20,'Simone','Esposito','simone.esposito92@scuola.it','$2y$10$Tmek/xRWCVwuvrMdoBlrnO6hyq54wFIo04KdKHncauSMIX4hUZuLq','studente',3,'uploads/studenti/20_simone_esposito/1.png',NULL,1,'2026-05-18 21:10:03'),(21,'Filippo','Ferrari','filippo.ferrari53@scuola.it','$2y$10$akaY6Bc4w8Q3YHFkD2uTKuIDnsU0RpQyx.XKwG8DOR98sPJ3jCTBC','studente',3,'uploads/studenti/21_filippo_ferrari/1.png',NULL,1,'2026-05-18 21:10:03'),(22,'Lorenzo','Esposito','lorenzo.esposito20@scuola.it','$2y$10$EksRQGDVJjhmFDckOLffC.UoIImbv07fncPb1Ka3lRcE/2a1dOajO','studente',3,'uploads/studenti/22_lorenzo_esposito/1.png',NULL,1,'2026-05-18 21:10:03'),(23,'Laura','Romano','laura.romano28@scuola.it','$2y$10$2wfH5wFLpBY9Ao4aFEF/g.4Iofw7sGVYb5CD7P1zRFpcGRS2IJ3Yq','studente',3,'uploads/studenti/23_laura_romano/1.png',NULL,1,'2026-05-18 21:10:03'),(24,'Giovanni','Gallo','giovanni.gallo21@scuola.it','$2y$10$xs6XhnB1uu8RP1.bdZijcOrJ6sfOlZE0XmZZ1nGqLW8IZkF5MHoFK','studente',3,'uploads/studenti/24_giovanni_gallo/1.png',NULL,1,'2026-05-18 21:10:03');
/*!40000 ALTER TABLE `utenti` ENABLE KEYS */;
UNLOCK TABLES;
/*!50003 SET @saved_cs_client      = @@character_set_client */ ;
/*!50003 SET @saved_cs_results     = @@character_set_results */ ;
/*!50003 SET @saved_col_connection = @@collation_connection */ ;
/*!50003 SET character_set_client  = utf8mb4 */ ;
/*!50003 SET character_set_results = utf8mb4 */ ;
/*!50003 SET collation_connection  = utf8mb4_general_ci */ ;
/*!50003 SET @saved_sql_mode       = @@sql_mode */ ;
/*!50003 SET sql_mode              = 'STRICT_TRANS_TABLES,ERROR_FOR_DIVISION_BY_ZERO,NO_AUTO_CREATE_USER,NO_ENGINE_SUBSTITUTION' */ ;
DELIMITER ;;
/*!50003 CREATE*/ /*!50017 DEFINER=`root`@`localhost`*/ /*!50003 TRIGGER trg_cleanup_token_disattivazione
AFTER UPDATE ON utenti
FOR EACH ROW
BEGIN
  IF NEW.attivo = 0 AND OLD.attivo = 1 THEN
    DELETE FROM password_reset_tokens WHERE utente_id = NEW.id;
  END IF;
END */;;
DELIMITER ;
/*!50003 SET sql_mode              = @saved_sql_mode */ ;
/*!50003 SET character_set_client  = @saved_cs_client */ ;
/*!50003 SET character_set_results = @saved_cs_results */ ;
/*!50003 SET collation_connection  = @saved_col_connection */ ;
/*!40103 SET TIME_ZONE=@OLD_TIME_ZONE */;

/*!40101 SET SQL_MODE=@OLD_SQL_MODE */;
/*!40014 SET FOREIGN_KEY_CHECKS=@OLD_FOREIGN_KEY_CHECKS */;
/*!40014 SET UNIQUE_CHECKS=@OLD_UNIQUE_CHECKS */;
/*!40101 SET CHARACTER_SET_CLIENT=@OLD_CHARACTER_SET_CLIENT */;
/*!40101 SET CHARACTER_SET_RESULTS=@OLD_CHARACTER_SET_RESULTS */;
/*!40101 SET COLLATION_CONNECTION=@OLD_COLLATION_CONNECTION */;
/*!40111 SET SQL_NOTES=@OLD_SQL_NOTES */;

-- Dump completed on 2026-05-20 19:25:03
